Date,HDFCBANK.NS,ICICIBANK.NS,INFY.NS,LT.NS,RELIANCE.NS,TCS.NS
01-01-2019,504.3925171,350.9570007,553.4483643,1295.537842,498.4905701,1610.928223
02-01-2019,499.7902527,351.7771606,556.7772217,1280.802612,491.99823,1628.283569
03-01-2019,495.8689575,350.4746094,556.8604736,1253.39856,485.9282837,1608.515381
04-01-2019,497.1955872,352.3560181,550.1196899,1247.153931,488.5519104,1588.958618
07-01-2019,497.9469604,354.7681274,558.9824219,1243.335449,491.2645264,1606.779907
08-01-2019,493.8026123,366.7802734,557.609375,1241.897705,491.2200623,1603.096802
09-01-2019,497.0429993,368.8063965,562.6442261,1245.357178,493.9325867,1597.509277
10-01-2019,495.0940857,366.1531067,565.6400146,1251.242065,492.4873657,1598.86377
11-01-2019,495.892395,365.2365112,568.8024292,1230.576782,488.2851257,1559.920044
14-01-2019,493.4856567,360.2193909,584.1147461,1198.50061,487.7292786,1535.114014
15-01-2019,498.2404785,359.6405029,604.6697388,1204.789917,502.3371582,1581.296753
16-01-2019,497.8413086,362.100769,613.1580811,1205.91333,505.116394,1583.286377
17-01-2019,500.6824951,361.4254456,610.2870483,1209.417358,504.4715881,1607.169434
18-01-2019,500.2011414,358.9168396,608.289917,1184.124634,526.6613159,1612.557251
21-01-2019,504.4041748,358.6274414,619.9819946,1181.114746,550.3851929,1619.386719
22-01-2019,501.5161133,356.0706482,620.2733154,1169.074951,549.2512817,1613.617188
23-01-2019,494.3661194,354.4786682,608.8723145,1169.34436,545.3158569,1591.303955
24-01-2019,493.6265564,351.9700623,612.5122681,1163.86377,554.7208862,1613.320801
25-01-2019,492.1589355,344.6373901,611.1315918,1154.968506,554.0761108,1629.652588
28-01-2019,489.3764038,331.4674683,609.1233521,1168.446045,546.7610474,1658.668701
29-01-2019,483.1423035,334.6513977,609.081543,1148.319702,538.3565063,1682.21228
30-01-2019,477.7651672,353.0314331,607.40802,1163.054932,531.7084351,1681.067505
31-01-2019,488.3902588,351.6324158,627.1975098,1180.890259,545.6937866,1708.810547
01-02-2019,490.8557739,342.1770935,633.4732666,1190.144653,555.8325195,1722.258057
04-02-2019,494.2487488,342.0805359,632.5110474,1174.690552,574.0423584,1739.481201
05-02-2019,496.3973083,340.247406,631.6323853,1172.174683,574.3314209,1734.645264
06-02-2019,498.4165649,346.6635132,638.703064,1180.97998,582.6469727,1760.310181
07-02-2019,497.1486511,346.0363464,639.2888184,1164.492554,573.8200073,1767.181519
08-02-2019,498.4165649,342.6112061,636.6948242,1133.674438,568.1725464,1748.94104
11-02-2019,502.4083557,337.7388306,638.284729,1119.972168,557.3000488,1752.758911
12-02-2019,500.071991,332.19104,627.9506226,1120.286499,558.7008057,1740.626587
14-02-2019,495.4931946,331.8533936,619.24823,1102.990723,544.381958,1734.6875
15-02-2019,493.2507629,330.1166687,620.8381348,1116.91748,553.3868408,1722.046143
18-02-2019,490.7265625,326.8362427,620.085022,1118.175415,542.5588379,1671.649536
19-02-2019,489.3530273,331.178009,606.0691528,1130.574585,540.7800293,1616.077881
20-02-2019,495.0588074,333.0594482,619.7922363,1146.972046,548.8955078,1624.519897
21-02-2019,496.8315735,338.9448853,613.7255859,1153.755615,554.4763184,1624.053101
22-02-2019,491.0905457,339.6685181,614.9807129,1150.38623,548.0062256,1633.7677
25-02-2019,499.0623474,343.0936584,631.6742554,1146.343018,547.9838867,1684.248657
26-02-2019,495.598938,335.9539185,621.2983398,1137.35791,542.6254883,1729.681885
27-02-2019,491.2784119,333.3971252,615.2318115,1154.294678,544.0706177,1746.141235
28-02-2019,487.8268127,337.8353271,614.4368896,1161.707153,547.4279785,1682.806274
01-03-2019,489.1885986,341.7911377,620.7963257,1175.723755,545.2045898,1692.944946
05-03-2019,494.7653198,350.4746094,612.9306641,1173.253052,550.3629761,1686.751465
06-03-2019,494.0961609,358.8686523,612.9306641,1183.315918,562.4360962,1696.508667
07-03-2019,499.3205872,357.7590637,604.9395752,1215.122681,564.8596802,1708.131958
08-03-2019,499.7197571,357.5661011,596.0698242,1203.442383,563.4589844,1716.107178
11-03-2019,499.7784729,362.6314697,595.1494751,1209.866577,579.9122314,1709.404541
12-03-2019,509.7695618,374.5470886,591.5513306,1247.917725,592.0298462,1707.410889
13-03-2019,522.8132935,378.1169739,592.8064575,1238.66333,599.1225586,1697.272095
14-03-2019,522.390625,374.2576599,592.7228394,1239.696533,596.5656738,1686.157715
15-03-2019,529.0239868,381.3973999,601.2577515,1254.746216,587.7164917,1730.741943
18-03-2019,531.0081177,384.0506897,594.270752,1238.932617,600.34552,1716.19165
19-03-2019,532.4873657,384.3883667,604.3538208,1220.109253,612.1295776,1716.19165
20-03-2019,539.8251953,379.0818176,618.3278198,1231.744751,611.6403809,1709.616699
22-03-2019,534.4597168,378.0205078,621.800354,1253.12915,596.654541,1701.641357
25-03-2019,535.6690674,370.0124512,615.2318115,1237.000854,588.9615479,1683.485352
26-03-2019,542.7250366,380.239624,608.9560547,1233.451904,607.9940186,1682.127686
27-03-2019,539.9307861,379.3713379,610.5877686,1227.74646,599.9896851,1669.613403
28-03-2019,540.7174072,386.4627991,617.3654785,1245.941162,604.7700195,1697.102295
01-04-2019,542.8306885,384.2436829,631.8416138,1268.852539,618.9332275,1723.700562
02-04-2019,538.850647,383.1823425,635.4397583,1266.651245,617.9771118,1764.127441
03-04-2019,538.3575439,378.309967,630.3354492,1238.168945,611.5292969,1764.127441
04-04-2019,536.2911377,375.0777588,625.8170166,1229.768066,601.6794434,1709.150269
05-04-2019,541.3748169,376.8144531,635.355896,1234.350586,602.0574951,1737.82666
08-04-2019,537.5709229,373.4858398,642.0083008,1234.215698,591.0960693,1756.873657
09-04-2019,537.0661011,383.1823425,636.4439087,1235.608398,593.4085083,1774.47876
10-04-2019,525.3492432,380.3361206,629.833374,1232.328857,592.052124,1730.99707
11-04-2019,530.0806274,376.3320618,621.4658203,1238.124023,598.9002686,1713.39209
12-04-2019,531.9002686,380.7220764,625.6914063,1222.759888,597.2548828,1709.150269
15-04-2019,537.4300537,378.9370728,608.7467041,1219.165894,595.9431763,1792.974121
16-04-2019,541.2457886,392.6859436,605.9018555,1241.179077,597.5440063,1808.67041
18-04-2019,538.5688477,390.1773376,600.0025635,1222.5802,616.3096313,1824.154297
22-04-2019,532.7104492,380.6255798,603.3497925,1222.086182,598.2554932,1833.825439
23-04-2019,527.2158203,382.5552368,609.3325806,1211.348999,606.4821777,1828.39563
24-04-2019,535.3049927,386.9934387,616.2359619,1222.535278,617.8881836,1852.491333
25-04-2019,531.4777222,381.4938965,609.6255493,1217.593628,610.2841187,1862.290527
26-04-2019,535.586853,392.8788757,617.5328369,1220.333984,619.3556519,1899.239258
30-04-2019,544.1572876,393.1683655,628.7037354,1211.66333,619.3556519,1917.735107
02-05-2019,553.1622314,381.6386108,611.5081177,1220.828247,624.8029785,1879.598145
03-05-2019,556.0151367,387.6688232,605.4833374,1225.185791,626.4927979,1808.839844
06-05-2019,546.7402344,387.1864319,601.1323853,1215.39209,615.8427124,1830.771729
07-05-2019,545.3079224,372.9069214,606.2783203,1227.881348,597.4328003,1825.766113
08-05-2019,541.762207,368.7581482,601.9272461,1222.265747,577.8444214,1826.529541
09-05-2019,537.9231567,367.9862671,603.3497925,1218.761597,558.7230835,1843.243408
10-05-2019,539.2380981,371.5561523,599.8352051,1217.908081,556.366272,1812.064209
13-05-2019,537.0543213,363.0656128,602.2200317,1183.900269,547.8727417,1806.082275
14-05-2019,537.2186279,367.0214233,597.3249512,1205.598633,560.5018311,1775.199951
15-05-2019,536.9369507,363.7892456,599.2077637,1191.222778,558.9230957,1777.787354
16-05-2019,542.5606689,369.0476074,613.4328003,1201.420776,562.6807251,1789.113892
17-05-2019,554.6415405,375.9943542,605.7345581,1223.658203,563.5923462,1777.829834
20-05-2019,571.1368408,393.3612976,604.4793701,1304.11853,589.6063232,1818.978516
21-05-2019,564.4096069,386.0768433,593.5176392,1302.00708,595.7874756,1789.962524
22-05-2019,564.8908691,391.0939636,593.894165,1312.78894,596.0542603,1766.206421
23-05-2019,547.59729,396.4005432,586.6143799,1326.266235,593.1637573,1742.704834
24-05-2019,557.2830811,416.5654907,593.434082,1387.409058,594.475647,1737.572266
27-05-2019,565.5014648,420.1835938,592.5136719,1433.995728,582.8248291,1743.638184
28-05-2019,567.3446655,419.0257874,609.2487793,1414.678101,588.6502075,1759.419067
29-05-2019,567.5089722,408.4126587,608.9979248,1394.866211,583.8920898,1788.096069
30-05-2019,572.8273926,411.2106628,613.8093262,1400.39209,591.3184204,1820.971924
31-05-2019,569.4933472,408.7986145,617.3237305,1399.448853,591.4962769,1863.606079
03-06-2019,576.9484253,408.0267334,623.0974731,1401.111084,604.8590088,1902.420776
04-06-2019,575.8212891,404.3604126,615.2734985,1410.4552,601.0568848,1867.183594
06-06-2019,569.0236206,397.0758667,615.5246582,1362.026367,590.2511597,1852.642822
07-06-2019,574.7293701,401.9483032,618.4533691,1360.184692,584.7148438,1866.028564
10-06-2019,572.9801025,401.4658508,630.5028076,1376.582031,586.6046753,1908.578735
11-06-2019,574.9055176,406.5312805,631.6742554,1369.573853,591.0515747,1926.796509
12-06-2019,569.892334,403.2990723,630.7537842,1356.051514,592.3856201,1933.724487
13-06-2019,574.0366821,404.842804,630.2021484,1363.509033,590.206665,1927.908569
14-06-2019,571.7825928,403.0578613,628.3353882,1371.37085,585.8931885,1928.250244
17-06-2019,568.706543,399.6327515,628.4202271,1346.617065,570.2180786,1923.717773
18-06-2019,567.5911865,407.3030701,636.5666504,1352.502441,569.6401367,1925.129028
19-06-2019,570.1976929,405.0357361,638.0517578,1352.367554,568.0169678,1932.869263
20-06-2019,573.269165,418.1574402,640.5974121,1399.044434,576.6438599,1948.307861
21-06-2019,570.3984985,415.6488647,636.6090698,1383.455566,568.9730225,1924.273682
24-06-2019,571.2844849,414.346405,632.6207275,1384.578613,561.3689575,1946.21167
25-06-2019,573.8242798,418.3986511,634.8268433,1379.187622,576.2435913,1939.626343
26-06-2019,583.0859985,423.2228088,627.2745361,1393.743164,575.4876709,1927.994263
27-06-2019,581.7628784,425.441925,619.9343872,1393.473633,566.5939941,1926.582886
28-06-2019,577.380127,421.7273254,621.1647339,1395.540161,557.2333984,1904.901123
01-07-2019,587.2561646,423.5605164,620.5707397,1398.640137,564.2372437,1915.463623
02-07-2019,589.4887695,421.3896484,627.9534302,1405.109131,568.5282593,1926.197876
03-07-2019,588.2248535,420.6177979,620.5707397,1417.86792,570.3292236,1913.838989
04-07-2019,586.8426514,420.8589783,622.6921997,1412.162354,570.973999,1918.115845
05-07-2019,584.1491699,421.0036926,609.2845459,1400.16748,561.7913208,1850.077148
08-07-2019,569.3115845,410.9212341,608.9450684,1339.06958,556.7664185,1860.59668
09-07-2019,562.1171265,413.4297485,607.1630859,1371.640137,569.2398682,1824.632324
10-07-2019,564.385376,415.7453613,608.6480713,1347.335938,568.684082,1803.121948
11-07-2019,568.7327271,411.5483398,612.2546387,1343.42749,569.8845825,1798.289551
12-07-2019,565.6020508,412.0307617,616.7097168,1317.9552,569.4178467,1802.608887
15-07-2019,565.8029785,407.4478455,661.3452759,1294.369995,567.4611206,1835.19519
16-07-2019,564.9642944,409.6669312,666.0125122,1312.878906,574.9761963,1805.447266
17-07-2019,566.440918,409.7634583,673.90448,1307.712524,570.0180054,1815.091919
18-07-2019,569.8549805,403.926178,672.6738892,1289.517944,561.1242676,1771.113037
19-07-2019,561.2903442,395.869873,666.479248,1268.268677,555.4102173,1780.542969
22-07-2019,542.7668457,397.9976807,665.6307373,1261.215332,569.4178467,1808.790771
23-07-2019,534.7927246,398.4329224,670.4252319,1266.426514,566.3272095,1810.976685
24-07-2019,538.9039917,395.0961304,667.2429199,1262.649658,559.9014282,1797.559937
25-07-2019,540.1207275,395.5797424,674.2012939,1249.043579,547.6281738,1824.22168
26-07-2019,538.0532837,402.1082458,667.8369751,1267.018433,539.7572021,1808.062378
29-07-2019,530.2565308,415.2619629,671.6132202,1248.224487,538.4898682,1826.022705
30-07-2019,532.1348267,411.393219,672.6738892,1252.63855,525.1271362,1868.158081
31-07-2019,531.993103,410.6678162,673.4800415,1262.604126,518.6125488,1890.918945
01-08-2019,526.1086426,403.3655396,652.4352417,1235.983398,524.8381348,1868.929077
02-08-2019,524.3446045,397.1272583,658.163147,1247.086792,529.8225708,1890.575684
05-08-2019,516.0331421,389.4380188,659.0966797,1224.834473,511.4811707,1927.696411
06-08-2019,518.3655396,396.7886963,657.1871948,1253.684937,504.7484436,1898.805664
07-08-2019,517.1578979,394.9993896,658.5874023,1237.803589,496.2935181,1897.562988
08-08-2019,528.7963257,400.8025208,669.3220215,1238.349609,515.5074463,1935.840576
09-08-2019,540.3636475,406.3638611,670.2554321,1241.944702,519.8690186,1925.682007
13-08-2019,525.7653198,396.7886963,648.9559937,1195.209961,570.2633057,1885.560669
14-08-2019,527.920166,403.6073914,657.484314,1213.821777,576.3026733,1889.804443
16-08-2019,527.5057373,405.2032471,657.2720947,1215.232666,571.7172852,1856.113403
19-08-2019,522.5686646,409.5071716,659.902771,1230.659058,578.2487183,1854.312378
20-08-2019,525.8245239,403.2204895,672.7163696,1221.831055,570.8001709,1874.673218
21-08-2019,527.067688,398.5296326,678.4019775,1192.843872,568.5634155,1874.201172
22-08-2019,514.8137207,386.0045471,675.2196655,1177.917725,557.7374878,1899.749146
23-08-2019,512.1140747,382.4259338,680.7356567,1170.86438,570.7554321,1926.924927
26-08-2019,534.2425537,398.1427612,681.0324707,1213.776611,566.7069092,1951.443481
27-08-2019,535.142395,404.8647461,665.8428345,1234.982056,570.3081055,1917.323364
28-08-2019,532.1942749,399.4001465,680.9900513,1223.787842,565.1411133,1919.68042
29-08-2019,527.328186,391.1306152,684.7662354,1221.7854,555.5006714,1914.708618
30-08-2019,527.5650024,396.2084045,691.5125122,1208.861816,558.5426636,1937.126953
03-09-2019,523.5395508,379.2825623,690.9609985,1178.054443,539.6867676,1930.268311
04-09-2019,532.253479,384.4570313,696.9434814,1190.477417,537.3381958,1924.952637
05-09-2019,529.2698975,376.2359314,707.7630005,1201.626465,536.1974487,1899.149048
06-09-2019,531.8154297,378.5088501,712.9393921,1209.22583,546.8891602,1883.889648
09-09-2019,532.6915894,382.4743652,703.5623169,1235.02771,546.7548828,1871.329224
11-09-2019,533.0941772,381.6522522,695.9251099,1241.079956,552.2127075,1846.597046
12-09-2019,537.7235107,389.4864502,692.7854004,1239.942139,541.4538574,1829.108276
13-09-2019,534.550354,399.8353882,703.7321777,1240.897949,548.2759399,1836.266846
16-09-2019,531.401001,398.6263428,702.3743896,1222.832031,541.6327515,1843.167969
17-09-2019,523.6341553,387.5036926,705.3869019,1195.619507,535.6829224,1819.720947
18-09-2019,518.0458374,386.2463684,704.1988525,1199.533203,539.3736572,1833.351929
19-09-2019,521.4439087,373.9146729,696.4343872,1183.787964,527.4516602,1801.975464
20-09-2019,568.1159668,403.8008423,683.1115723,1284.62915,561.1373291,1770.68396
23-09-2019,595.418335,431.6557617,648.6164551,1391.112793,554.3600464,1728.119873
24-09-2019,593.7844238,426.4330139,673.819458,1348.155273,572.0304565,1752.895752
25-09-2019,587.1067505,419.9528503,672.6314087,1319.759644,572.4106445,1790.401733
26-09-2019,588.4328613,437.1204529,664.0608521,1355.936523,580.1275635,1789.673096
27-09-2019,589.237915,434.4606628,663.7637939,1340.282715,585.6075439,1762.711548
30-09-2019,581.3053589,419.4692383,683.663208,1341.738892,595.986084,1799.703613
01-10-2019,591.4165649,410.6678162,673.3952026,1332.455811,583.7510376,1765.96936
03-10-2019,579.458374,413.2792053,666.6490479,1326.994873,586.5023193,1766.226685
04-10-2019,563.4273682,400.3189087,673.3103638,1296.824585,585.1826172,1782.601074
07-10-2019,562.1014404,402.4467163,670.0008545,1272.205933,586.0773315,1755.467651
09-10-2019,581.6369019,422.3708496,664.9942017,1298.053345,592.6310425,1731.80603
10-10-2019,568.5658569,409.7973938,664.4850464,1297.006592,609.6303711,1718.390015
11-10-2019,567.7371216,414.4882507,691.4276123,1299.372925,605.0897827,1703.301147
14-10-2019,570.3891602,414.7783508,667.0733032,1295.959961,607.5054321,1732.577759
15-10-2019,579.2216187,417.6799622,651.9684448,1303.513916,610.2567139,1746.551636
16-10-2019,578.2980957,421.0167542,654.6414795,1296.187134,613.9251099,1754.353149
17-10-2019,577.7772217,426.1428223,652.9868164,1296.323975,624.7285767,1780.255127
18-10-2019,582.0394287,423.4346924,651.5866089,1317.66626,633.6085815,1803.396729
22-10-2019,586.9174194,436.3466797,546.1072388,1312.888306,632.6243896,1798.18103
23-10-2019,588.0065308,440.1670532,559.0393066,1303.10437,622.8944092,1814.572998
24-10-2019,585.4019165,439.8285522,545.9354858,1303.513916,642.6002808,1825.003906
25-10-2019,582.0394287,453.7077026,547.7399292,1296.915771,640.25177,1862.652222
27-10-2019,586.159668,454.1429138,557.5356445,1305.470581,641.6162109,1854.543945
29-10-2019,588.4328613,461.7353516,559.0822754,1329.770752,656.2894287,1923.924194
30-10-2019,591.2032471,455.6904297,567.632019,1341.738892,661.6799316,1974.720581
31-10-2019,582.678772,447.8562012,589.1135864,1340.646606,655.081543,1989.490356
01-11-2019,587.272583,447.0824585,591.0900269,1319.122437,651.7487183,1929.226807
04-11-2019,585.7570801,455.0617676,609.2206421,1321.670776,652.0842896,1923.135376
05-11-2019,587.012085,452.9823303,598.1359863,1310.385376,647.4541016,1930.059692
06-11-2019,595.1341553,464.927063,612.0561523,1322.444336,641.9069214,1918.358643
07-11-2019,598.4729004,462.8475952,618.7583618,1306.062256,652.5092773,1915.596558
08-11-2019,594.6368408,473.3899841,608.4901123,1295.095581,646.6489258,1867.034668
11-11-2019,598.9701538,480.4987793,605.2680054,1289.634766,638.7307739,1841.61499
13-11-2019,595.5604248,469.8113708,594.0544434,1267.79187,658.6380005,1909.680176
14-11-2019,603.3035278,482.2880554,606.0412598,1256.369873,654.3657837,1925.633423
15-11-2019,605.197876,483.4487305,604.8383179,1253.821533,657.9893799,1906.04248
18-11-2019,597.6915283,481.9979248,605.9553223,1241.853638,652.77771,1886.88916
19-11-2019,602.3563843,477.3070984,612.5287476,1242.991211,675.3913574,1848.496094
20-11-2019,603.0430298,478.7578735,612.6575928,1256.688599,692.3460083,1848.276855
21-11-2019,607.7789917,481.9012146,612.8723755,1267.518799,687.8500977,1856.647827
22-11-2019,598.9701538,480.4987793,595.644165,1254.731689,691.8314819,1815.975586
25-11-2019,601.977478,481.4659729,599.8544922,1256.733887,698.56427,1824.56543
26-11-2019,603.8482056,493.942688,593.4100952,1240.488403,697.982666,1794.017456
27-11-2019,605.4346924,488.9133301,597.8352051,1215.460205,702.2772827,1800.723145
28-11-2019,599.2307129,502.115448,603.0767822,1228.565796,706.9520874,1820.928223
29-11-2019,603.8007813,495.7803345,598.350769,1210.955322,693.9117432,1799.802734
02-12-2019,599.4437256,494.1360779,595.2144165,1213.503174,709.725708,1771.577637
03-12-2019,594.5421753,492.6370239,600.0693359,1195.164551,706.3258057,1797.830566
04-12-2019,592.7662354,511.8840027,609.0916138,1169.59021,694.6051636,1821.936157
05-12-2019,589.901001,510.7716675,614.2471924,1185.153198,693.7774658,1859.452759
06-12-2019,590.1141357,507.5799866,614.4619751,1174.777832,695.5892944,1861.468994
09-12-2019,588.6459961,509.2242432,616.3094482,1161.30835,703.5075073,1806.113892
10-12-2019,591.7479248,511.3521118,613.989563,1164.038574,698.7431641,1764.389526
11-12-2019,591.3927612,516.0429077,619.5747681,1150.659912,698.944519,1789.85376
12-12-2019,598.4255981,517.7838745,603.291626,1164.675659,701.5391235,1771.445801
13-12-2019,598.5439453,519.4281006,611.1968994,1187.974731,708.1152954,1815.581299
16-12-2019,595.4655762,521.5559692,613.5168457,1185.881348,700.8234253,1864.229736
17-12-2019,601.977478,523.3935547,627.0073853,1199.487549,699.0786743,1897.7146
18-12-2019,612.0412598,523.635376,629.3703613,1200.761841,704.9613647,1900.168945
19-12-2019,610.3599854,522.4746704,627.9954224,1193.844971,720.2161255,1953.902954
20-12-2019,614.1013794,528.1810913,628.5969238,1193.663086,715.3623047,1948.511353
23-12-2019,616.8007202,523.5386353,632.4207764,1193.389771,702.9706421,1956.22522
24-12-2019,610.5258179,523.3451538,630.1867065,1184.061035,691.8092651,1942.112305
26-12-2019,601.6696167,521.0722656,626.362915,1164.311646,677.9189453,1930.147217
27-12-2019,603.8244629,531.3729248,633.2371216,1182.786865,689.9750977,1927.123047
30-12-2019,607.2106323,526.1017456,629.757019,1185.244385,690.8026733,1913.712158
31-12-2019,602.4510498,521.2174072,628.2533569,1181.512939,677.3149414,1894.866211
01-01-2020,605.5293579,519.1379395,633.151123,1192.206787,675.3242188,1900.03772
02-01-2020,609.3891602,522.8616333,631.3037109,1224.379517,686.821228,1891.315674
03-01-2020,600.6987915,521.1690063,641.0133667,1215.050659,687.6488647,1929.008179
06-01-2020,587.6987915,508.45047,634.8696289,1198.395508,671.7007446,1928.832886
07-01-2020,597.0047607,505.7424011,625.4605713,1201.808594,682.0345459,1933.567017
08-01-2020,595.4420166,508.6923218,617.1257935,1175.460571,676.9124146,1976.868652
09-01-2020,602.1195068,528.3745728,625.1598511,1197.849365,692.5026245,1941.017212
10-01-2020,607.4710083,522.5231323,634.2681274,1205.539917,692.3460083,1940.315918
13-01-2020,609.0338135,520.9271851,664.6863403,1214.732178,690.5790405,1919.979492
14-01-2020,610.6915283,519.960022,666.4907227,1206.905029,684.1818848,1934.486206
15-01-2020,608.2051392,518.0255737,659.5305786,1204.629883,681.6990356,1952.017822
16-01-2020,609.8153687,519.5247803,659.0581055,1200.716309,687.984314,1962.44873
17-01-2020,605.3162842,514.5921021,659.7885132,1186.973511,707.2651978,1945.18103
20-01-2020,594.3053589,517.300293,660.3039551,1191.888306,685.5014648,1902.44812
21-01-2020,589.30896,513.6248779,655.1914063,1185.289795,686.1948853,1903.062134
22-01-2020,587.6514282,505.6939697,661.8076782,1177.872192,685.9488525,1934.486206
23-01-2020,589.5457153,510.3848267,673.9662476,1212.547729,683.0410767,1924.866821
24-01-2020,589.4036865,516.3330688,672.5915527,1237.029785,680.670166,1918.233398
27-01-2020,574.5567017,519.621521,668.5959473,1227.38269,673.9598389,1905.802124
28-01-2020,579.2925415,510.8685303,668.5099487,1225.608032,658.3919067,1918.54126
29-01-2020,585.2834473,509.3210144,678.5634155,1242.945679,662.0155029,1892.931519
30-01-2020,580.642395,514.7373047,670.8300171,1247.04126,645.8659668,1878.215698
31-01-2020,580.7607422,508.4021912,666.7484131,1246.222168,631.5060425,1826.556152
03-02-2020,564.8955688,498.6335144,659.4019165,1171.001099,619.8077393,1847.158569
04-02-2020,582.418335,513.3831787,676.9736938,1175.642578,638.1044922,1851.770508
05-02-2020,589.4511108,521.4107666,674.1382446,1192.297852,647.9909668,1885.859131
06-02-2020,587.1541748,523.8287354,662.7958374,1199.169067,652.1513672,1869.869385
07-02-2020,588.2908325,518.8477783,667.9085083,1182.240967,641.3477783,1877.073486
10-02-2020,587.3909912,516.4297485,664.3855591,1169.772583,642.2202148,1899.38855
11-02-2020,587.5330811,522.0395508,664.6863403,1171.228638,649.8922729,1891.876709
12-02-2020,591.5111694,531.276062,671.1307983,1180.693848,657.7432251,1907.119629
13-02-2020,587.9119873,523.2484741,680.7545166,1176.097656,659.4655762,1925.744995
14-02-2020,577.4692383,527.8909302,675.770813,1178.736816,665.4824829,1918.936279
17-02-2020,576.4274292,523.8287354,678.3487549,1165.130737,661.2996826,1935.672729
18-02-2020,574.5803833,523.4419556,685.3945923,1170.727905,656.4459229,1946.655029
19-02-2020,581.1869507,526.9238281,687.8005371,1166.223022,672.7296143,1929.611572
20-02-2020,576.4037476,529.0515747,684.8361206,1165.494629,664.7443848,1894.864258
24-02-2020,573.0175781,512.4643555,683.8477783,1146.473389,646.4028931,1858.44812
25-02-2020,568.4474487,513.5283203,686.0390625,1130.409668,633.6309204,1894.293457
26-02-2020,567.9501953,506.5161438,672.5915527,1102.287231,622.7154541,1865.696045
27-02-2020,568.0448608,498.440094,668.3811035,1101.559204,620.1431885,1849.794434
28-02-2020,557.7207031,480.934021,628.7258911,1080.808472,594.3756104,1757.238647
02-03-2020,558.644165,489.4936218,636.7600708,1056.553955,588.7838135,1758.248901
03-03-2020,559.6861572,497.8597717,641.8726196,1075.120483,600.7280884,1788.9104
04-03-2020,544.0812988,491.6697998,651.9689941,1070.888062,599.3189087,1830.202393
05-03-2020,545.2653198,487.9461365,648.4030151,1076.166992,586.5469971,1866.970093
06-03-2020,537.4748535,470.3916931,634.9556274,1054.733643,568.5857544,1859.414429
09-03-2020,524.4038086,442.7301025,605.3109131,1002.902527,498.418457,1732.814941
11-03-2020,527.4820557,450.3708801,589.4573364,1016.55426,516.0441284,1716.429565
12-03-2020,483.6752319,411.6833801,542.3695679,925.1785278,475.5363159,1554.907837
13-03-2020,506.6442261,432.5263062,551.9503784,956.9417114,494.4593506,1586.930786
16-03-2020,473.3510132,389.6798706,501.0817261,881.6295776,454.3765564,1490.377808
17-03-2020,461.7954712,355.1996155,476.8504333,870.7537231,450.9319763,1456.641602
18-03-2020,415.2892151,343.3999634,459.1065369,823.2454834,433.2615051,1453.479126
19-03-2020,424.1215515,327.4413452,468.7733154,767.3189087,410.5359192,1448.124634
20-03-2020,418.1070251,334.3567505,502.8431702,786.977478,455.3830872,1590.693481
23-03-2020,365.3966675,274.6812744,452.3613586,658.9697266,395.4824829,1477.63855
24-03-2020,363.5733948,286.7711182,506.7958679,653.2940063,422.0329285,1507.240845
25-03-2020,405.7463379,306.501709,520.8878174,706.6816406,484.1478882,1548.967163
26-03-2020,426.7499695,319.4136658,552.5089722,773.3583984,476.9678345,1584.941528
27-03-2020,428.3365479,328.6987305,560.8438721,772.4818115,476.6994629,1614.632324
30-03-2020,393.859314,303.1165771,538.5029297,737.0438232,460.9750061,1573.923096
31-03-2020,408.1853638,313.1269531,551.2199707,746.1339722,498.2395325,1616.048218
01-04-2020,392.9121094,300.9404297,517.9663696,714.6182251,483.3426514,1512.196655
03-04-2020,385.4294128,277.2442932,503.2728577,714.8950806,482.0006104,1463.921387
07-04-2020,424.382019,315.3998718,549.0718384,739.8123779,539.5526123,1571.003052
08-04-2020,420.972168,308.4844971,542.7133179,744.8419189,533.3119507,1509.276245
09-04-2020,438.0924072,331.4551697,546.7088013,750.1022949,545.7483521,1562.993896
13-04-2020,424.0268555,319.8005676,547.6969604,798.690979,531.9700317,1556.887939
15-04-2020,408.8483887,316.6088867,549.1147461,812.2570801,514.388855,1535.559814
16-04-2020,416.6388855,330.7781677,536.053894,841.3271484,522.5307617,1518.657227
17-04-2020,431.1069946,363.2272949,540.2644043,860.9379883,547.5601807,1598.437012
20-04-2020,447.4694214,349.4448242,561.359314,844.9724121,556.4177856,1609.455078
21-04-2020,436.4822083,320.9611816,544.0881958,803.2128906,553.5324097,1537.772461
22-04-2020,439.7736206,324.9266663,551.5206299,786.8322144,610.0106812,1565.958984
23-04-2020,452.2527161,341.3688354,583.7001953,775.7578735,613.2764282,1662.199707
24-04-2020,444.2490234,323.8627319,565.3978882,785.5401611,633.8994141,1609.366699
27-04-2020,440.2945862,336.4845276,571.0690308,789.277771,639.6030884,1625.340576
28-04-2020,441.0997009,348.04245,567.7180176,791.03125,638.8873901,1645.208008
29-04-2020,462.7426453,358.2946777,581.3372803,807.8272705,638.3505249,1686.44751
30-04-2020,474.4402771,367.6763916,614.8057861,828.3148193,655.8196411,1782.732788
04-05-2020,437.1215515,326.9577332,578.8883057,785.0325928,642.0412598,1708.394897
05-05-2020,431.6516113,319.9940491,578.8883057,772.3432617,653.4262695,1710.430298
06-05-2020,448.2035217,330.1978455,572.1860352,772.7123413,653.4710083,1684.633545
07-05-2020,438.0686951,325.7004089,571.369812,759.3770142,674.1387329,1674.058472
08-05-2020,439.9867859,326.6192322,579.3181152,753.0093994,698.6760864,1675.606934
11-05-2020,433.7117004,309.6450806,586.7936401,758.2234497,705.3863525,1712.687134
12-05-2020,426.9631042,310.660675,590.8751831,751.947998,661.7470703,1725.253906
13-05-2020,439.3237305,326.9577332,596.4603882,796.3376465,675.7872314,1725.386353
14-05-2020,423.2454224,316.657196,565.5268555,804.4127197,648.4656982,1683.527222
15-05-2020,420.6170349,312.1114502,560.500061,797.7220459,659.0556641,1675.164551
18-05-2020,396.2272644,288.7055359,570.4675293,750.6098633,650.6334229,1721.802368
19-05-2020,393.3857422,290.4464111,574.5061035,734.9211426,636.2501221,1724.501831
20-05-2020,405.9120789,295.6208496,575.3225098,770.5897827,647.449646,1728.882324
21-05-2020,407.0724182,294.4118958,577.5994873,757.208313,650.8591919,1762.156982
22-05-2020,397.269104,281.4999084,594.9136963,752.7785645,646.4787598,1787.954224
26-05-2020,403.6862793,283.0957947,584.7744141,761.8687744,643.0918579,1719.501343
27-05-2020,427.9576721,308.3877563,606.170166,785.2172241,652.8010254,1774.635132
28-05-2020,447.6588745,316.1252747,607.8457031,835.6515503,664.8585205,1773.750244
29-05-2020,450.6898804,321.0579529,601.8361206,860.3381348,661.3135376,1745.475708
01-06-2020,467.7390137,328.1183472,609.2828369,856.5543823,686.5803223,1809.98999
02-06-2020,474.0614014,336.9681396,616.7295532,872.5199585,693.512207,1811.671387
03-06-2020,484.1251221,345.1408691,611.0246582,887.1472778,696.1992798,1816.109375
04-06-2020,474.3928833,336.4361877,616.4247437,858.9076538,713.4274902,1856.405151
05-06-2020,489.381958,345.4794006,612.7666626,881.5639648,714.2855835,1817.973022
08-06-2020,481.1178894,347.9940796,627.8342896,887.1934204,708.776062,1838.830933
09-06-2020,467.5732117,337.1131897,625.0036621,879.7643433,694.1670532,1839.09729
10-06-2020,469.7280579,341.4172058,623.4794922,873.5350952,709.9728394,1871.671021
11-06-2020,458.7171631,330.0527649,613.1151123,858.677124,694.4154663,1835.191772
12-06-2020,465.4184875,332.9059753,602.7506714,854.9394531,717.4918213,1810.206787
15-06-2020,449.8373413,320.2358093,598.8311768,830.4836426,729.1203613,1801.686157
16-06-2020,469.0413818,331.6970215,610.7199097,826.0076294,730.5428467,1815.798462
17-06-2020,463.7608337,330.7297974,612.8537598,816.5483398,729.4816284,1817.573853
18-06-2020,483.0358887,340.4500122,621.781189,827.4842529,747.7937012,1808.964355
19-06-2020,489.381958,351.862854,614.508606,828.9147339,794.5336914,1814.733521
22-06-2020,487.2034912,355.4897766,612.8973389,837.4512329,788.5500488,1799.9552
23-06-2020,493.620575,363.8075867,627.6601563,892.9613037,777.1473999,1806.479126
24-06-2020,488.9794617,336.6780396,621.9988403,881.8408203,780.2859497,1812.603027
25-06-2020,487.2034912,339.4828186,610.1101685,870.3512573,775.7925415,1789.4375
26-06-2020,500.3218384,337.6452026,651.6552124,887.9779053,786.5178223,1880.635864
29-06-2020,509.6041565,331.842041,637.3278809,864.3525391,778.1634521,1865.369385
30-06-2020,504.7735596,339.9180908,640.9858398,870.8587646,769.5606079,1848.061646
01-07-2020,513.6533203,352.1046143,637.4584351,853.0014038,784.6889038,1856.848877
02-07-2020,515.9265747,350.9440002,658.9712524,868.6900635,798.1977539,1914.629639
03-07-2020,508.6096191,349.1547546,664.2841797,871.4124756,810.6897583,1952.351929
06-07-2020,522.3673706,349.9768372,665.4164429,877.826355,839.6640015,2008.756958
07-07-2020,523.3856201,363.7108765,691.6759644,870.8126221,826.8092041,2014.703735
08-07-2020,525.8482056,356.8438416,674.7356567,868.6439209,815.2694702,1969.437256
09-07-2020,532.7625732,358.1979065,680.8325195,872.0585327,827.171936,1956.523438
10-07-2020,523.3618164,348.5260925,680.9631348,860.2459106,851.5665894,1972.499878
13-07-2020,511.5932312,341.9974976,694.2017212,856.5543823,877.3895264,1970.414429
14-07-2020,501.4584045,334.2116699,682.182373,842.4807739,869.2277832,1927.766113
15-07-2020,498.7590332,334.4534302,723.7275391,841.8347778,836.1271973,1982.751099
16-07-2020,503.2106934,333.3411865,793.4481201,850.0943604,835.8551636,1987.955688
17-07-2020,520.2125244,342.190918,786.611145,854.1549683,866.824585,1957.709961
20-07-2020,536.5987549,351.0891113,813.7415771,848.6639404,870.5426025,1964.070068
21-07-2020,539.2034912,366.3706665,815.8754883,865.6907959,893.9624023,1979.326172
22-07-2020,533.4255981,368.5951843,799.4578247,849.8636475,908.6762695,1948.99231
23-07-2020,535.343689,379.3793335,790.791687,845.8491821,933.0707397,1931.423462
24-07-2020,529.9920654,369.2721863,803.7689819,834.6364746,973.1315308,1919.147217
27-07-2020,511.2380066,346.7367554,826.0657349,834.0827026,977.6885376,1963.091675
28-07-2020,514.6242065,340.5467529,838.6074829,843.0344849,987.4371948,2054.672607
29-07-2020,504.1815796,339.531189,831.0302734,850.8327026,950.6866455,2024.694092
30-07-2020,497.5750732,333.6313782,837.3883057,838.1894531,956.2185669,2027.763306
31-07-2020,489.121521,335.4206543,841.3511353,842.9884033,937.2877808,2029.452881
03-08-2020,474.5349731,331.9871216,833.425415,845.2493896,910.9433594,2005.212402
04-08-2020,493.3127747,339.4828186,827.2850342,852.9552612,975.149231,2001.254272
05-08-2020,486.6351929,340.6434937,822.7997437,861.7989502,964.1989136,2009.971802
06-08-2020,492.862793,346.9785461,845.5753174,858.4476318,967.6676636,2053.204834
07-08-2020,494.3546143,346.2048035,828.199585,852.3966675,973.2674561,2041.862793
10-08-2020,497.5750732,351.6210327,828.5914917,893.7295532,961.2062378,2030.69873
11-08-2020,505.1524963,355.2963562,826.0657349,895.4517822,967.5316162,2028.119019
12-08-2020,503.7554016,354.8127441,831.7269897,884.1410522,964.7203369,2008.059204
13-08-2020,501.5531921,355.9733887,828.4608765,922.262207,962.2037964,2005.479736
14-08-2020,489.9028931,349.5415955,830.5511475,914.90802,958.4630127,1994.537842
17-08-2020,489.0978394,348.3809814,833.947937,931.6644897,948.2834473,2004.545654
18-08-2020,500.345459,357.4241333,842.7011719,935.1554565,960.6168213,2019.089722
19-08-2020,505.1287842,362.1633911,835.515625,939.3911743,966.5114136,2007.392578
20-08-2020,501.52948,355.6832275,831.9013062,926.9633179,950.868042,2004.056396
21-08-2020,514.1505737,358.9716492,826.3704224,925.473999,943.9758911,2000.275146
24-08-2020,529.0213623,367.869812,825.1512451,922.8673706,950.2785645,1999.830933
25-08-2020,530.2762451,373.6729126,817.0512085,912.6737671,944.0891724,1994.9823
26-08-2020,529.6842651,376.5744934,828.1124878,902.0147705,969.1186523,2004.634155
27-08-2020,526.6769409,379.3309937,824.8463135,908.2053833,957.0120239,2000.09729
28-08-2020,527.8135986,396.2567444,814.5690308,914.0235596,959.5285645,1991.335938
31-08-2020,528.4530029,381.6522522,808.7770996,879.6726685,943.4544678,2007.970459
01-09-2020,533.8756104,378.1219788,796.1916504,889.2145996,946.4244385,1998.274292
02-09-2020,537.1196289,379.5244141,804.7706909,889.5403442,964.9923706,2014.997803
03-09-2020,535.5804443,370.19104,814.8301392,894.7536011,957.6921997,2045.554565
04-09-2020,530.086853,360.3256836,800.5465698,877.3919067,941.8900146,2036.036377
07-09-2020,525.9192505,361.1478271,805.6851807,867.756958,944.338562,2070.062256
08-09-2020,526.8427734,363.3723755,818.0964355,853.3741455,955.4250488,2088.876221
09-09-2020,519.2890015,355.538147,808.0368042,846.6715088,980.0236206,2070.595459
10-09-2020,516.4711914,358.5364685,818.7495728,857.3306274,1049.23999,2073.709961
11-09-2020,510.8355103,358.3429871,823.6705933,854.0258789,1051.847168,2111.916504
14-09-2020,501.0321655,351.7660828,852.151062,839.7827148,1044.048218,2216.261963
15-09-2020,506.975708,359.3585205,855.6785278,847.0904541,1051.439209,2216.261963
16-09-2020,517.9393921,362.4052124,872.4880981,858.1219482,1054.023438,2226.580322
17-09-2020,513.1797485,356.8922119,880.5444336,843.692627,1042.325195,2189.175049
18-09-2020,500.7244568,357.4241333,872.8364868,838.4794312,1045.47644,2179.344971
21-09-2020,496.93573,339.1926575,879.5864868,820.9316406,1022.872864,2193.044678
22-09-2020,490.3528137,342.7712402,877.4962158,797.3327637,1002.604431,2244.327881
23-09-2020,495.9648438,340.3049622,888.1653442,801.1495972,1011.514404,2194.956787
24-09-2020,487.9849243,324.684906,849.538269,791.9334717,989.024292,2074.687256
25-09-2020,494.4256592,337.2099609,880.9364014,827.8204346,998.3196411,2154.793213
28-09-2020,499.2562866,351.0891113,880.0219727,840.480896,1004.916992,2158.351807
29-09-2020,503.2106934,345.3342896,878.8026123,833.5921021,1017.975891,2213.593262
30-09-2020,510.8118286,343.1097717,878.149292,839.3172607,1013.124146,2217.0625
01-10-2020,524.2380981,357.0856323,886.3364868,840.4343872,1008.997925,2244.772217
05-10-2020,527.7425537,360.8577271,913.3799438,834.9885254,1003.080627,2406.984863
06-10-2020,541.8317871,368.1116028,919.5200806,830.9390259,1002.24176,2414.545898
07-10-2020,550.4274902,370.0942993,928.9266968,826.5635986,1023.621094,2433.805176
08-10-2020,564.421936,374.7851563,952.5731201,820.1868896,1015.345886,2513.643555
09-10-2020,584.1942749,388.3258362,963.9829102,845.6940308,1012.716125,2502.301514
12-10-2020,574.7698364,390.7921143,986.0182495,843.180603,1014.348389,2517.468262
13-10-2020,567.5712891,383.2480774,1008.402039,834.5229492,1034.140747,2514.399414
14-10-2020,573.7516479,393.4518738,990.2858887,851.9777832,1037.223999,2509.978027
15-10-2020,553.7425537,378.1703186,965.2457886,827.4015503,1000.496033,2448.336182
16-10-2020,567.9976196,383.1029968,982.0119019,832.3353271,986.5757446,2468.61499
19-10-2020,569.9866333,403.4139709,980.6182251,840.5275269,986.757019,2422.383789
20-10-2020,579.6478271,400.9959717,990.7215576,853.9327393,977.5524902,2446.906738
21-10-2020,590.421936,406.5089417,1000.171448,860.5888062,963.3599854,2390.088623
22-10-2020,584.0758667,399.3517456,983.3619385,871.6201782,955.3569946,2386.291992
23-10-2020,585.2598877,403.2688599,988.1596069,876.2282715,958.1229858,2400.273193
26-10-2020,573.4675293,391.1790466,979.3123779,886.0028076,920.057373,2401.523926
27-10-2020,583.9812012,396.4985657,960.2974854,914.1166992,922.5058594,2349.664307
28-10-2020,572.8518066,383.0545959,947.7088013,914.9545288,912.0543823,2342.562256
29-10-2020,562.2434692,386.7783203,946.2122803,869.9445801,919.0597534,2351.898193
30-10-2020,560.5148926,379.7178345,933.6676025,865.289978,931.5745239,2380.664307
02-11-2020,575.5276489,403.7524719,943.9675293,865.1037598,851.2945557,2326.839355
03-11-2020,591.013916,429.2862244,935.3845215,882.2792358,839.0291748,2352.746582
04-11-2020,595.4893799,422.7093201,963.0262451,891.8635254,867.5046387,2370.211426
05-11-2020,601.0776367,424.1117554,971.8737793,909.1817627,886.4581299,2399.290771
06-11-2020,619.2871094,428.2706604,979.5762939,911.6964722,920.0801392,2418.721191
09-11-2020,634.8681641,447.5177002,1000.528015,916.5360107,929.8514404,2435.828369
10-11-2020,660.015686,467.9737244,960.4735107,980.9217529,945.2001343,2367.040039
11-11-2020,658.2633667,470.585083,988.1596069,1005.356995,905.5928955,2401.166992
12-11-2020,649.6204224,461.0583496,983.9779053,1018.40509,897.7938232,2386.202637
13-11-2020,643.5111694,469.6179199,989.6560669,997.8129883,905.2301025,2373.517334
14-11-2020,648.6732178,470.923645,997.7990112,1005.119873,907.9053955,2385.577148
17-11-2020,667.0247192,470.440033,989.2158813,1025.711792,903.8019409,2381.736572
18-11-2020,667.1431274,481.3208923,977.6397705,1089.52832,901.0585938,2346.537109
19-11-2020,650.8753662,463.0410461,965.491394,1076.338135,894.6878662,2355.694336
20-11-2020,664.7515869,464.4434814,971.3012695,1074.487549,861.2926636,2376.554688
23-11-2020,660.4655762,452.8855591,1003.433167,1068.366821,884.5084229,2433.72876
24-11-2020,681.1140137,462.5091248,1003.609314,1077.524292,890.5617065,2431.76416
25-11-2020,664.348999,457.1895752,982.1294556,1059.019897,883.1933594,2413.226563
26-11-2020,675.644104,459.7042236,979.9724121,1061.724243,885.369873,2430.46875
27-11-2020,682.3690186,457.8182373,968.3522949,1065.093018,875.0316162,2393.885498
01-12-2020,678.793396,469.1826782,1001.672668,1058.97229,886.4128418,2436.007324
02-12-2020,666.3143921,464.6852722,1004.357483,1056.884766,887.8864746,2456.331299
03-12-2020,652.2250977,466.0393066,991.6368408,1067.702637,890.5617065,2420.507324
04-12-2020,656.2033081,485.5765076,998.8555298,1090.809326,882.7172852,2436.677246
07-12-2020,649.8809204,493.7009583,1006.646362,1109.977905,887.9090576,2445.744873
08-12-2020,651.7988892,491.7181396,1015.317383,1111.591187,904.0285645,2498.989502
09-12-2020,666.4326782,494.7164612,1034.55249,1120.700928,919.0824585,2511.049805
10-12-2020,656.3215942,490.3157349,1027.994019,1129.573608,910.036499,2487.375488
11-12-2020,654.8773193,498.5368347,1023.988464,1133.322021,909.4924316,2486.749756
14-12-2020,649.8334961,508.5472717,1025.177124,1185.845947,902.9177246,2499.346436
15-12-2020,658.9026489,501.0514832,1016.417664,1182.619507,895.2319946,2467.051514
16-12-2020,668.0903931,495.6352844,1026.189331,1203.496338,896.2294922,2514.086914
17-12-2020,682.8189697,493.6525269,1020.467285,1213.50769,900.3331299,2535.527832
18-12-2020,668.3981323,500.1811218,1047.405151,1216.117188,903.0310059,2555.89624
21-12-2020,650.0702515,478.2742615,1036.401001,1171.801514,879.5205688,2519.4021
22-12-2020,650.2835083,483.8839111,1074.43103,1198.229492,878.1603394,2566.169434
23-12-2020,651.4911499,487.0756836,1103.085327,1200.222534,881.4023438,2598.554199
24-12-2020,661.6495361,496.6991272,1088.119995,1197.755005,904.2099609,2599.090088
28-12-2020,669.1085205,503.0342407,1091.861206,1223.566528,908.3588257,2617.001221
29-12-2020,675.904541,511.448761,1100.664551,1219.248657,902.3508911,2617.984375
30-12-2020,678.4146118,511.4003601,1097.583252,1226.081177,904.8220825,2599.045166
31-12-2020,680.2142334,517.4936523,1105.50647,1221.858154,900.1971436,2557.458984
01-01-2021,674.8862915,510.1914368,1109.599609,1230.778442,901.1946411,2615.974365
04-01-2021,670.6004028,514.2536011,1134.072754,1247.479736,902.713623,2715.315674
05-01-2021,675.6677246,519.621521,1138.958252,1239.603638,891.4912109,2763.155029
06-01-2021,672.755127,528.7614746,1128.658813,1246.910278,867.9807739,2726.080322
07-01-2021,670.71875,523.3451538,1111.096191,1270.586426,866.5751343,2709.374268
08-01-2021,678.0119629,524.2639771,1155.068237,1303.277588,876.8000488,2788.07959
11-01-2021,687.3889771,526.8270264,1211.496582,1281.072388,860.2724609,2837.705811
12-01-2021,701.3835449,530.0187988,1207.579346,1280.882446,887.3876953,2836.276123
13-01-2021,696.4819336,538.2398682,1221.136353,1283.444702,879.1124878,2822.072266
14-01-2021,695.5821533,535.1448975,1206.479004,1306.314209,888.9972534,2909.564453
15-01-2021,694.5875854,525.1828003,1183.986816,1285.010498,878.5004272,2894.033936
18-01-2021,702.3780518,515.6560669,1155.024292,1267.834595,899.5849609,2883.6521
19-01-2021,712.2050171,528.5196533,1159.07373,1299.908813,914.2987671,2918.514404
20-01-2021,706.5930176,532.9203491,1179.145142,1312.055298,931.6652222,2961.566162
21-01-2021,698.4473877,534.5645752,1179.365112,1301.284912,951.9335327,2930.284424
22-01-2021,683.647644,516.284729,1180.377441,1292.554443,929.3527222,2956.465332
25-01-2021,692.7879639,520.3953247,1166.512329,1291.79541,880.1100464,2945.902832
27-01-2021,667.569397,505.2103882,1145.296631,1290.419312,859.2522583,2918.827881
28-01-2021,649.5020142,510.9168701,1123.464722,1276.65979,850.8864136,2861.096191
29-01-2021,658.5239258,519.3796997,1090.760986,1266.553345,835.1977539,2784.837402
01-02-2021,699.3708496,583.987793,1109.995972,1374.875244,859.3882446,2809.899658
02-02-2021,739.0574951,597.0932007,1119.107056,1442.582275,873.2179565,2867.271973
03-02-2021,745.8061523,601.9291382,1130.903564,1450.505981,875.4171143,2864.229004
04-02-2021,747.8424683,607.68396,1126.237671,1451.692139,872.5378418,2853.846924
05-02-2021,756.6038208,593.998291,1119.855591,1439.071289,872.2883911,2826.547119
08-02-2021,760.2268677,608.9412231,1147.541626,1472.568726,884.8484497,2876.804932
09-02-2021,763.3526001,612.5682983,1149.302124,1486.470703,886.9796143,2843.508301
10-02-2021,749.0975342,611.4076538,1141.335083,1473.565308,895.2093506,2876.089111
11-02-2021,744.645752,609.9569092,1137.946167,1452.356567,932.1186523,2869.554688
12-02-2021,749.1923218,626.350769,1153.043701,1443.673584,925.7253418,2855.950195
15-02-2021,765.6020508,651.8360596,1152.911499,1459.141357,921.6442871,2810.346924
16-02-2021,770.3615723,636.7479858,1135.965332,1470.338867,933.8416748,2782.55542
17-02-2021,751.3471069,635.7807007,1127.95459,1469.294922,944.6105957,2750.601563
18-02-2021,736.0975342,623.4974976,1137.769653,1446.75769,937.5598755,2736.504639
19-02-2021,728.8990479,603.5733643,1136.757568,1431.764282,943.2730103,2749.482666
22-02-2021,733.1140137,589.8392944,1113.78125,1378.054199,910.5352783,2647.983398
23-02-2021,724.1868286,596.0777588,1114.793579,1410.41333,917.4954834,2667.450684
24-02-2021,760.795105,620.0639038,1121.79248,1448.655518,934.5219116,2638.719238
25-02-2021,760.7715454,607.3937988,1122.012085,1429.534424,972.3152466,2680.966064
26-02-2021,726.6730957,578.1364136,1103.305542,1368.849487,945.7669678,2590.56543
01-03-2021,738.276062,588.3885498,1115.365967,1397.64978,952.9765015,2617.327393
02-03-2021,742.6803589,590.4680176,1148.37793,1409.796387,954.9261475,2690.856689
03-03-2021,751.5128174,611.3591919,1182.754272,1420.472046,998.5009766,2738.070801
04-03-2021,735.0319824,600.3817139,1171.134155,1387.923218,986.5983276,2729.657227
05-03-2021,724.5894165,589.4525146,1159.117798,1388.824707,987.890625,2692.378418
08-03-2021,719.6166382,588.0984497,1175.887817,1437.837524,993.5131836,2691.394043
09-03-2021,739.980896,604.5889893,1184.515015,1431.290039,993.4906006,2730.776123
10-03-2021,736.7842407,605.0725098,1204.410156,1446.378052,989.3643188,2748.67749
12-03-2021,734.9844971,592.7409058,1210.308228,1436.698853,969.2546997,2737.04126
15-03-2021,723.9500732,583.6976318,1209.207764,1407.993408,956.2411499,2744.380859
16-03-2021,716.1358643,575.4282227,1218.363281,1387.164063,952.4777832,2783.67334
17-03-2021,708.1795044,570.1571045,1221.00415,1364.247192,931.9599609,2786.269775
18-03-2021,706.1193848,559.6146851,1177.076294,1355.184692,910.9887695,2717.843506
19-03-2021,709.1977539,567.4006348,1183.546631,1339.195068,944.0438843,2730.104248
22-03-2021,695.7716064,554.633667,1206.743164,1328.567017,935.1566162,2801.216797
23-03-2021,710.4527588,567.1588745,1207.403442,1332.647461,946.5377808,2812.808105
24-03-2021,700.3417358,548.8789673,1191.733521,1299.244629,928.3098145,2793.564453
25-03-2021,693.0247192,552.7960205,1174.171265,1301.094971,902.9856567,2743.217529
26-03-2021,706.2615356,559.5664063,1176.283813,1326.90625,904.4366455,2744.963379
30-03-2021,735.8133545,572.0431519,1219.507813,1350.867188,920.1480713,2827.083984
31-03-2021,707.3744507,562.9998169,1204.322266,1346.454468,908.2680664,2844.358887
01-04-2021,704.1066895,574.8963623,1219.419678,1370.842163,916.7700195,2832.857422
05-04-2021,686.5129395,552.5059204,1241.16394,1332.125488,903.5072021,2899.001709
06-04-2021,682.0848999,547.3314209,1242.176025,1329.468384,899.7436523,2922.094238
07-04-2021,685.3762817,558.6959229,1259.033936,1332.45752,908.1548462,2928.091309
08-04-2021,678.5567017,557.7770386,1267.529053,1346.691528,909.2883911,2969.219482
09-04-2021,673.3234863,547.6216431,1268.585449,1332.410034,898.7234497,2973.605225
12-04-2021,647.4182129,520.8787842,1255.116699,1276.469971,866.5751343,2905.849609
13-04-2021,663.1887207,542.2053223,1229.939575,1303.562134,875.9384766,2778.303467
15-04-2021,677.2778931,556.326355,1197.895874,1304.463745,881.6063843,2881.145752
16-04-2021,676.5912476,548.3469849,1191.733521,1289.755249,876.0745239,2859.843262
19-04-2021,668.8954468,541.3831787,1199.480591,1243.541504,862.2902222,2829.993652
20-04-2021,658.9501343,540.7545166,1189.62085,1263.516968,862.0408325,2814.553467
22-04-2021,673.6786499,560.1950684,1189.400757,1268.546143,864.4213867,2791.506104
23-04-2021,669.7242432,551.2485352,1174.171265,1255.355957,863.4918213,2783.181641
26-04-2021,665.2961426,571.7045288,1182.754272,1267.692017,878.6817627,2775.394775
27-04-2021,681.3508301,579.1035767,1187.111938,1310.157349,901.7160645,2803.320557
28-04-2021,699.3945313,600.9619141,1193.714478,1305.649902,905.6382446,2796.249512
29-04-2021,697.3579712,601.0587158,1194.022339,1289.28064,917.7675781,2788.328369
30-04-2021,668.8481445,580.7962036,1192.261841,1272.009888,904.3687134,2717.081787
03-05-2021,669.8662109,577.1691895,1190.237061,1273.955322,888.2944946,2718.289551
04-05-2021,657.5056152,572.1398315,1170.297607,1269.30542,869.0462646,2729.701904
05-05-2021,664.2542725,583.0205688,1180.949707,1270.30188,870.6333618,2770.830078
06-05-2021,663.4492188,588.2435303,1198.644165,1271.488037,875.5756836,2784.927246
07-05-2021,670.0083008,587.1795044,1190.677368,1274.14502,875.9158325,2804.126465
10-05-2021,672.4237061,593.1277466,1179.233032,1323.774658,873.399231,2815.404053
11-05-2021,664.7041626,589.8392944,1171.398315,1312.956787,876.5506592,2794.906982
12-05-2021,662.7861938,575.2348633,1168.185181,1314.570068,867.4819336,2763.580566
14-05-2021,656.7952881,577.7011108,1158.853638,1343.227905,878.432373,2731.268311
17-05-2021,682.0848999,603.1381226,1170.297607,1315.945801,888.8840332,2747.602783
18-05-2021,699.3470459,612.4231567,1179.629272,1344.936157,901.3986816,2764.654053
19-05-2021,690.5857544,604.9274902,1176.988159,1331.793457,905.5248413,2758.567139
20-05-2021,678.5567017,598.3022461,1179.012817,1337.771606,900.2424316,2738.875732
21-05-2021,709.1030884,621.3696289,1192.393921,1345.647827,908.0187988,2757.225342
24-05-2021,715.0938721,626.1088257,1186.715942,1369.561157,900.3557739,2758.120117
25-05-2021,700.4126587,628.9620361,1198.644165,1376.86792,890.1536865,2800.843262
26-05-2021,699.5128784,631.0899048,1230.027588,1397.697388,893.2822266,2840.868164
27-05-2021,702.1650391,630.8480835,1234.429199,1407.139282,896.0255737,2860.206543
28-05-2021,712.015686,621.9499512,1236.894043,1402.631714,949.8478394,2827.466309
31-05-2021,717.8881226,641.00354,1240.186401,1392.762817,979.5475464,2841.452148
01-06-2021,715.9226074,628.7686157,1234.35791,1399.358154,983.4470215,2835.920898
02-06-2021,712.276062,627.0760498,1226.750244,1395.941895,998.1155396,2814.739014
03-06-2021,720.1138916,628.9137573,1236.538208,1433.709839,1001.924377,2825.353027
04-06-2021,710.831604,621.6115112,1232.97876,1459.046387,993.2411499,2827.601563
07-06-2021,710.3106689,626.9309082,1236.538208,1478.262451,1009.972778,2863.084473
08-06-2021,702.3544922,621.3213501,1257.270752,1470.054321,1004.168884,2878.329834
09-06-2021,701.052124,615.2280273,1259.362061,1441.728271,986.2130127,2878.419678
10-06-2021,701.4072266,619.3869629,1267.370361,1442.107788,989.8404541,2893.305176
11-06-2021,703.9172363,614.8411865,1287.480347,1426.6875,1007.009827,2944.573242
14-06-2021,700.6494751,614.3092041,1300.738647,1438.359497,1021.456543,2946.866211
15-06-2021,705.7642822,624.1261597,1311.505493,1433.662354,1023.7771,2934.634277
16-06-2021,703.088501,619.0968018,1317.467163,1414.77832,1006.304504,2945.067871
17-06-2021,694.3270874,612.2297363,1330.547729,1411.599365,1008.1474,2984.103027
18-06-2021,700.8152466,609.7150879,1337.666138,1400.639038,1012.69751,2965.710205
21-06-2021,705.0302124,610.5371704,1334.996704,1392.146118,1017.975647,2943.943604
22-06-2021,702.7095947,610.1502075,1345.27417,1422.654541,1012.74292,2969.217285
23-06-2021,703.5146484,604.2020874,1337.532593,1403.723145,1003.460754,2933.419434
24-06-2021,713.3416748,613.2452393,1387.407104,1427.256836,979.8684082,3034.336914
25-06-2021,717.5328979,627.7046509,1400.754272,1446.046143,957.5500488,3040.812744
28-06-2021,714.3361816,628.9620361,1398.618896,1437.125854,949.1550903,3001.192627
29-06-2021,714.4313354,619.0968018,1390.833008,1433.75708,949.9741211,3004.880127
30-06-2021,712.4574585,610.1986084,1406.627197,1423.935669,960.3711548,3009.287109
01-07-2021,707.1540527,610.1502075,1388.474854,1416.106934,954.5924683,3005.464844
02-07-2021,704.1338501,619.2418213,1395.059448,1409.796387,968.7432861,2991.028809
05-07-2021,711.2921143,626.5924072,1404.981079,1430.957764,978.3668823,2987.026123
06-07-2021,729.9608765,628.9620361,1390.076416,1428.63269,966.8095703,2934.229736
07-07-2021,732.2439575,632.5406494,1392.211914,1439.023682,960.0980835,2945.607178
08-07-2021,723.1830444,620.8377075,1388.786255,1424.077881,952.1581421,2930.811523
09-07-2021,714.4075317,617.5975952,1390.699585,1423.033936,942.4208984,2885.525391
12-07-2021,707.2729492,625.0449219,1377.307617,1424.125366,948.2906494,2871.988525
13-07-2021,714.3361816,643.1314087,1374.727173,1436.319214,955.3887329,2866.996582
14-07-2021,713.0519409,642.5510864,1403.156982,1465.831299,949.1550903,2891.281738
15-07-2021,723.3019409,645.5493164,1406.627197,1527.18042,947.4943237,2887.13501
16-07-2021,724.0866699,638.6339722,1384.070313,1536.100586,961.1674194,2879.788574
19-07-2021,699.6627808,634.3783569,1371.835083,1527.417725,955.0474854,2870.594238
20-07-2021,686.4161987,620.8377075,1379.265259,1509.150635,952.7041626,2889.70459
22-07-2021,689.0560303,634.4267578,1414.991455,1558.305908,964.9440308,2899.213623
23-07-2021,686.2260132,654.4475708,1415.213867,1529.458008,958.1187744,2896.058838
26-07-2021,682.3258057,654.5441284,1427.182251,1516.030273,944.9916992,2882.267578
27-07-2021,684.7990723,655.2212524,1425.980957,1526.136597,935.0496826,2869.107178
28-07-2021,674.1210327,662.5717773,1428.694824,1529.927368,927.0187378,2882.492676
29-07-2021,674.572876,666.8884277,1438.838501,1531.654785,934.2533569,2880.690186
30-07-2021,678.4730835,662.0383301,1433.055054,1536.88501,926.0860596,2855.135254
02-08-2021,676.6657104,660.9713135,1451.785645,1548.881226,943.0124512,2901.962891
03-08-2021,682.3970947,669.7015381,1472.829712,1568.45874,949.951355,2961.004639
04-08-2021,696.9516602,693.2244873,1467.5354,1557.758179,957.2316284,2951.134521
05-08-2021,706.2503662,681.3903198,1471.361572,1561.78894,971.109375,2960.148193
06-08-2021,709.9603882,676.7341309,1468.380859,1545.42627,950.5429077,2983.448975
09-08-2021,715.3112793,681.7781982,1480.037231,1533.046265,945.1281738,2995.077393
10-08-2021,717.0950317,679.8867188,1492.450439,1524.409058,950.0877686,3005.173096
11-08-2021,711.0542603,672.757019,1492.717407,1519.466919,963.3969116,3014.457764
12-08-2021,714.1221313,680.3231201,1503.439697,1557.998169,960.3029175,3021.263672
13-08-2021,725.9180298,683.6697388,1523.549316,1601.135864,976.2965088,3121.903809
16-08-2021,728.0106812,681.5842285,1516.609009,1589.331787,988.9686279,3130.512451
17-08-2021,720.4243774,680.1777344,1549.754761,1572.681274,984.7598267,3202.714844
18-08-2021,719.6395874,667.6644287,1542.458008,1567.019165,988.5818481,3209.475098
20-08-2021,720.4719238,660.2922974,1542.013306,1529.351685,977.4796143,3208.528809
23-08-2021,725.1569214,662.2323608,1547.174194,1517.019653,983.8952637,3278.747559
24-08-2021,741.4475098,673.630127,1531.24646,1541.059814,993.6098022,3256.933594
25-08-2021,740.7578735,670.3320313,1544.326782,1529.543579,1002.209473,3298.217773
26-08-2021,739.5211792,677.8496094,1537.341675,1531.414917,1014.88147,3309.800781
27-08-2021,736.5008545,678.7711792,1520.524048,1572.057495,1013.493774,3353.338379
30-08-2021,745.9185181,692.2544556,1510.95874,1593.170654,1032.991089,3336.34668
31-08-2021,752.1731567,697.4925537,1518.432983,1604.782715,1027.485474,3413.101807
01-09-2021,751.0791626,698.3171387,1492.895264,1618.410156,1031.557739,3348.651611
02-09-2021,755.7879639,703.409668,1502.994507,1618.218262,1043.979614,3458.441406
03-09-2021,749.6286011,702.585144,1513.272095,1623.304443,1086.796265,3463.218994
06-09-2021,744.7056885,699.529541,1539.744141,1625.895752,1103.677246,3472.187988
07-09-2021,746.394165,695.4070435,1518.610962,1613.899658,1110.638916,3439.647217
08-09-2021,749.7949219,699.3355713,1506.6875,1599.360718,1106.293335,3402.013916
09-09-2021,746.085022,698.6565552,1505.219238,1602.71936,1103.677246,3417.562744
13-09-2021,739.8779907,686.1918945,1505.486206,1604.302734,1079.083862,3466.193604
14-09-2021,736.5484619,686.2402954,1500.369751,1628.055054,1077.67334,3502.745361
15-09-2021,735.7160645,692.9334106,1522.882202,1647.776611,1082.155151,3564.626221
16-09-2021,741.9706421,705.3981934,1514.695923,1651.855225,1104.860107,3518.429443
17-09-2021,752.5299072,698.5595703,1504.952393,1647.008789,1087.729126,3450.418945
20-09-2021,741.9230957,688.7139282,1501.882568,1635.636475,1089.458008,3446.498291
21-09-2021,738.1655884,690.5083618,1529.110962,1651.519287,1094.16748,3482.058594
22-09-2021,729.4852295,682.2631836,1527.731812,1641.922485,1105.90686,3481.336914
23-09-2021,746.7509155,695.5040283,1550.555542,1698.351807,1132.93457,3487.737305
24-09-2021,761.7572632,701.2756348,1569.508423,1697.440186,1129.658325,3489.584961
27-09-2021,772.9585571,708.1142578,1531.513428,1669.465332,1148.655029,3458.621826
28-09-2021,768.1783447,695.6495361,1501.215088,1667.114136,1159.393311,3406.520508
29-09-2021,758.0948486,688.2288818,1505.797607,1651.615234,1150.202271,3418.013916
30-09-2021,758.618042,679.8381958,1490.626343,1634.292847,1146.289063,3403.276123
01-10-2021,752.7913818,671.5930176,1481.683716,1628.486938,1148.313721,3362.397705
04-10-2021,754.2422485,679.2077026,1493.785034,1646.097046,1163.078979,3401.248047
05-10-2021,758.855835,676.2005615,1506.286987,1647.488525,1187.217407,3455.331787
06-10-2021,768.1070557,668.8284912,1489.158081,1626.711548,1164.762451,3435.140625
07-10-2021,766.0142212,681.1477051,1504.685425,1643.40979,1170.4729,3509.054932
08-10-2021,762.2804565,682.3118286,1533.915894,1657.277466,1215.450928,3547.589355
11-10-2021,777.0965576,691.914917,1504.640747,1647.680542,1206.987549,3322.195068
12-10-2021,775.098877,687.355835,1499.479858,1648.928223,1213.880981,3292.674316
13-10-2021,779.7602539,688.6654663,1520.880005,1681.413574,1226.234619,3294.79248
14-10-2021,802.5906982,705.4951782,1526.708374,1717.161743,1228.714478,3261.602783
18-10-2021,794.4573364,723.1010132,1594.690674,1716.345825,1231.990723,3293.844482
19-10-2021,803.2090454,725.0411377,1621.385254,1771.623779,1243.024658,3282.103271
20-10-2021,796.145752,723.4890747,1603.766846,1733.860107,1228.714478,3259.254639
21-10-2021,797.3111572,732.8497314,1560.432495,1732.948486,1193.269043,3190.300537
22-10-2021,799.4277344,736.5357666,1530.312134,1719.992798,1195.498657,3159.910889
25-10-2021,788.1312866,816.4654541,1519.411987,1712.21936,1183.85022,3154.581787
26-10-2021,786.1099243,804.5343018,1529.421265,1723.831421,1210.809692,3145.235107
27-10-2021,781.3773804,809.9663086,1552.088501,1712.603149,1195.498657,3151.692139
28-10-2021,757.9759521,774.7545776,1529.600952,1741.105835,1182.394165,3090.188721
29-10-2021,752.862793,778.0041504,1497.148682,1695.424805,1154.024414,3068.604004
01-11-2021,763.5409546,779.7987671,1526.144531,1722.967651,1154.729614,3139.63501
02-11-2021,764.2305908,776.9371338,1524.2146,1742.449341,1137.893921,3146.678955
03-11-2021,752.1969604,762.3869019,1528.344116,1813.321899,1130.067871,3153.949707
04-11-2021,758.142395,758.6522827,1533.909668,1831.987793,1137.006714,3168.760498
08-11-2021,761.1389771,756.7608032,1559.763916,1846.958862,1138.417358,3163.432373
09-11-2021,747.821106,762.96875,1564.252319,1865.240723,1147.403809,3166.096924
10-11-2021,739.7352905,757.4882202,1562.142822,1871.526733,1160.235229,3146.77002
11-11-2021,736.4295654,748.3215332,1555.993652,1853.820435,1162.350952,3150.291992
12-11-2021,738.6651001,753.3171387,1598.095703,1880.931519,1179.891724,3184.47583
15-11-2021,740.6865234,750.1160889,1604.334839,1868.551636,1172.930054,3209.085205
16-11-2021,736.2868652,741.1434326,1608.95813,1876.469116,1145.674805,3211.885498
17-11-2021,728.105896,738.4758911,1604.604126,1874.165771,1121.149658,3180.727295
18-11-2021,732.1963501,740.0279541,1597.377686,1820.519653,1125.381226,3139.002441
22-11-2021,720.7572632,729.4547119,1579.423462,1789.329834,1075.534668,3123.378662
23-11-2021,720.852417,729.3092041,1559.22522,1810.29895,1085.590454,3128.662354
24-11-2021,722.0415649,737.4088745,1522.508911,1787.410522,1069.915283,3109.742188
25-11-2021,725.7990723,728.5332031,1546.208374,1775.318481,1134.322144,3112.0896
26-11-2021,708.6523438,700.5481567,1518.604004,1706.461182,1097.761963,3112.947754
29-11-2021,714.0508423,696.8621216,1522.82312,1696.000488,1110.911865,3162.755127
30-11-2021,710.3884277,692.9334106,1537.455688,1693.60144,1094.485962,3187.274902
01-12-2021,715.6680298,705.8831787,1539.475586,1713.994751,1122.514648,3231.212646
02-12-2021,725.7039795,700.7421265,1569.414063,1717.065674,1129.726563,3290.005615
03-12-2021,719.9011841,694.8249512,1558.013184,1728.629761,1095.782715,3287.793213
06-12-2021,715.2636719,688.2773438,1521.880737,1710.779785,1075.011475,3193.82251
07-12-2021,725.6801147,712.6248779,1536.558105,1725.606812,1083.770386,3237.263184
08-12-2021,739.0455322,730.8128052,1573.992432,1751.470337,1100.264526,3275.555664
09-12-2021,726.2271118,732.3647461,1583.059082,1804.013062,1117.714233,3252.842529
10-12-2021,724.1819458,735.2747803,1579.288818,1797.870972,1118.851807,3284.496826
13-12-2021,718.7596436,731.3947144,1566.182373,1786.450806,1096.419678,3259.977295
14-12-2021,714.621521,735.9053345,1572.915161,1790.481445,1082.996826,3272.756104
15-12-2021,713.4562988,729.6972046,1556.801392,1804.972778,1079.834595,3224.483887
16-12-2021,713.5038452,718.9299927,1590.375366,1798.350952,1093.803345,3234.644531
17-12-2021,700.6378784,706.465271,1634.587524,1772.631226,1064.932861,3237.127686
20-12-2021,678.0926514,688.6654663,1614.882935,1726.806519,1036.22168,3212.336914
21-12-2021,685.774231,698.75354,1626.283569,1753.869507,1051.646484,3258.758057
22-12-2021,687.3913574,710.8303223,1638.043579,1795.567871,1076.604004,3279.033203
23-12-2021,686.868103,709.3753052,1667.578125,1802.717407,1076.217163,3307.887939
24-12-2021,684.3948364,705.3012085,1672.874756,1784.435425,1079.652588,3315.293701
27-12-2021,690.0549316,713.9343262,1675.25354,1790.961182,1078.49231,3338.052002
28-12-2021,694.8112183,713.7404175,1694.868408,1822.918823,1091.300781,3347.48999
29-12-2021,691.5056152,713.6433716,1692.669189,1818.456177,1093.166504,3336.787842
30-12-2021,695.1442871,713.6433716,1699.222168,1809.675171,1073.418945,3372.054932
31-12-2021,703.6580811,717.9599609,1694.643921,1819.464111,1077.536743,3376.209961
03-01-2022,722.8025513,741.7739258,1704.24939,1845.327393,1093.78064,3447.917969
04-01-2022,727.0357056,749.6795044,1704.87793,1859.434814,1118.465088,3508.427246
05-01-2022,744.3013306,764.4238892,1655.952759,1870.039185,1123.697632,3486.933105
06-01-2022,732.362854,761.5137939,1631.849609,1846.910889,1099.536499,3438.615967
07-01-2022,737.4998169,769.4680176,1628.70752,1828.101074,1108.409302,3480.204346
10-01-2022,741.590271,786.4433594,1661.428833,1874.35791,1109.319336,3504.002686
11-01-2022,744.8007202,786.3463745,1665.782715,1882.08313,1117.30481,3536.560303
12-01-2022,740.401123,799.0536499,1685.397705,1894.607056,1147.130737,3485.984619
13-01-2022,726.7741699,799.9751587,1702.768433,1937.025146,1153.592041,3520.303955
14-01-2022,734.9313354,795.4160156,1731.988525,1962.312866,1155.275513,3583.748535
17-01-2022,723.6824341,794.7369995,1741.10022,1985.96875,1161.304443,3629.807373
18-01-2022,727.3686523,798.4230347,1724.268433,1940.671753,1147.449341,3604.023438
19-01-2022,722.2317505,784.3577271,1676.061523,1939.424316,1147.358398,3541.643555
20-01-2022,717.7369995,785.958313,1637.145874,1922.72583,1127.269653,3461.938477
21-01-2022,723.7299805,780.3806763,1603.033081,1877.188965,1127.45166,3468.226074
24-01-2022,707.1065063,774.512146,1559.135498,1823.302612,1081.973022,3411.997803
25-01-2022,707.7723999,777.616272,1545.984009,1847.678711,1079.8573,3410.685547
27-01-2022,701.5415039,770.8260498,1506.888794,1833.811157,1063.863525,3301.532227
28-01-2022,695.9766846,757.730835,1513.711548,1821.047607,1062.839844,3338.445068
31-01-2022,706.6546021,765.1513672,1558.596924,1832.227661,1085.931763,3380.24292
01-02-2022,712.0293579,786.0068359,1590.779541,1910.25,1082.337158,3438.506592
02-02-2022,728.2960815,789.3533936,1604.290039,1902.764404,1084.543823,3488.763184
03-02-2022,720.7572632,784.6972656,1560.706421,1855.692017,1070.529541,3460.174072
04-02-2022,724.871521,780.9142456,1562.995483,1869.415405,1060.769409,3451.398193
07-02-2022,698.3071899,762.8234253,1539.565308,1808.52356,1054.30835,3418.918945
08-02-2022,695.3106689,768.7405396,1541.630127,1799.9823,1072.031006,3386.755859
09-02-2022,712.3146973,778.7316895,1559.584229,1812.650146,1084.52124,3402.227295
10-02-2022,725.3947754,781.350769,1588.5802,1824.358276,1083.406494,3411.09375
11-02-2022,722.4219971,767.0913696,1545.265625,1795.807739,1081.290527,3342.877441
14-02-2022,700.9469604,731.1038208,1510.120361,1726.470459,1064.068359,3377.980225
15-02-2022,721.9226685,752.7836304,1560.43689,1800.414307,1100.196411,3454.021729
16-02-2022,720.9475098,741.1434326,1555.993652,1785.683105,1097.921265,3449.769775
17-02-2022,716.5478516,727.854126,1548.362793,1793.360474,1111.821777,3423.623047
18-02-2022,719.3303223,726.4476318,1532.338623,1807.179932,1103.131348,3432.39917
21-02-2022,723.9678345,731.8312378,1553.659302,1788.80188,1091.983398,3364.997803
22-02-2022,718.5455322,728.7756348,1556.936035,1770.088257,1087.023682,3244.670654
23-02-2022,713.8843384,722.2765503,1564.566528,1746.911865,1080.221191,3224.224121
24-02-2022,675.119873,686.1918945,1506.484863,1686.499756,1026.393311,3077.524414
25-02-2022,692.5758057,708.1627197,1521.252075,1705.40564,1039.224854,3185.276611
28-02-2022,678.3779297,720.4335327,1540.104004,1743.505005,1073.623535,3215.539063
02-03-2022,653.6448975,693.418457,1528.613403,1712.555176,1091.369141,3208.255859
03-03-2022,652.098999,677.364624,1544.817017,1681.653564,1082.155151,3206.672607
04-03-2022,649.9586792,667.421936,1547.016235,1642.738281,1058.153198,3188.533203
07-03-2022,630.1245728,634.1502686,1561.873413,1568.554688,1019.022217,3152.842285
08-03-2022,631.5515137,645.0629883,1596.300293,1591.63501,1017.179321,3256.93042
09-03-2022,652.1704102,647.4395142,1627.854736,1622.776733,1071.143677,3286.46875
10-03-2022,662.4202881,656.3151855,1639.120972,1658.525024,1088.502441,3275.928955
11-03-2022,664.3704834,657.5762329,1635.619873,1658.956909,1091.641968,3256.206055
14-03-2022,686.1309204,675.2790527,1697.292236,1676.327026,1100.605713,3295.877686
15-03-2022,677.3078003,676.4431152,1651.150146,1673.160034,1075.398193,3251.456055
16-03-2022,688.7944336,686.7738037,1696.125122,1685.396118,1093.553223,3307.548096
17-03-2022,703.9673462,698.5110474,1664.88501,1715.817993,1129.203369,3322.792969
21-03-2022,707.0352173,689.4414063,1663.493774,1685.492065,1122.696655,3281.130859
22-03-2022,710.6738281,696.6680298,1694.329834,1702.526611,1151.703857,3348.306152
23-03-2022,703.5866699,696.7650146,1680.864136,1696.000488,1155.366455,3358.665039
24-03-2022,686.1784668,683.0877686,1693.701538,1700.127319,1173.316528,3392.546387
25-03-2022,680.5897217,678.2861938,1684.5896,1680.501831,1181.142944,3354.186768
28-03-2022,681.4934692,689.0533447,1682.210693,1671.384644,1193.018799,3354.412842
29-03-2022,690.5306396,693.8549805,1693.072998,1676.231201,1193.291748,3352.286621
30-03-2022,702.4927979,708.9873047,1709.18689,1702.094604,1216.224609,3375.990479
31-03-2022,699.3536377,708.4052734,1711.790161,1696.384521,1198.842896,3383.589844
01-04-2022,716.3101196,714.1768799,1708.827759,1717.929321,1208.443604,3400.598633
04-04-2022,788.0362549,724.2164917,1690.334961,1752.718018,1212.015503,3411.09375
05-04-2022,764.9440918,719.5604248,1670.720337,1762.026978,1194.884277,3451.307861
06-04-2022,737.642395,719.3665161,1641.769287,1778.101685,1191.699341,3397.522949
07-04-2022,721.4232178,726.1080933,1625.745117,1752.670044,1170.677734,3333.106445
08-04-2022,720.4243774,731.68573,1628.976807,1756.940552,1190.152222,3334.463379
11-04-2022,711.625061,736.8267822,1585.842041,1709.676147,1187.672485,3344.189697
12-04-2022,710.364624,740.9494019,1564.207275,1677.23877,1165.308594,3339.394531
13-04-2022,696.7852173,739.3973999,1569.683472,1689.810669,1161.031372,3313.021973
18-04-2022,663.7283325,735.0807495,1455.540039,1668.265747,1157.482178,3191.880615
19-04-2022,638.4006958,743.3259277,1402.216431,1636.980103,1201.595703,3141.081055
20-04-2022,644.1558838,732.8982544,1425.287354,1623.400513,1236.927368,3217.891357
21-04-2022,653.6924438,739.4943848,1453.206177,1645.377319,1265.889038,3282.89502
22-04-2022,644.7741699,725.2351685,1423.267456,1626.039673,1255.287109,3268.328857
25-04-2022,649.6018677,729.6486816,1401.408569,1590.531372,1226.257446,3210.11084
26-04-2022,652.5984497,731.1522827,1419.272827,1631.413818,1262.954102,3208.391602
27-04-2022,652.8363037,714.6133423,1393.957397,1609.437256,1264.182739,3221.871826
28-04-2022,652.2655029,724.7501831,1420.708862,1649.935791,1283.065796,3242.77124
29-04-2022,658.567688,721.0155029,1407.19873,1626.039673,1269.597412,3208.753174
02-05-2022,667.6524048,718.7844849,1383.36438,1611.740356,1265.138184,3204.863281
04-05-2022,644.9644165,702.5366211,1378.472046,1568.074707,1225.643066,3148.183105
05-05-2022,643.5137329,706.9501953,1422.998291,1571.62561,1201.641357,3178.626465
06-05-2022,626.6999512,697.6865234,1385.025146,1557.038452,1192.427246,3105.525879
09-05-2022,627.7700806,689.0533447,1409.71228,1550.992432,1145.856812,3116.834473
10-05-2022,637.8536377,689.9748535,1394.137085,1543.122925,1125.995483,3111.089111
11-05-2022,641.4447632,692.7880249,1370.572021,1507.470703,1114.460938,3086.888184
12-05-2022,626.9856567,674.9395142,1354.458496,1464.62085,1091.755859,3083.857666
13-05-2022,621.3560181,657.0427246,1350.508545,1472.634277,1104.132202,3089.511963
16-05-2022,627.9719849,662.5233154,1336.77356,1480.695557,1104.405151,3055.04248
17-05-2022,632.2544556,688.7139282,1363.121338,1539.428223,1150.793579,3122.71582
18-05-2022,632.2063599,686.1433105,1354.817505,1509.102295,1154.979736,3120.182373
19-05-2022,619.2869873,669.6044922,1281.160889,1485.541992,1128.36145,2951.135742
20-05-2022,635.5984497,688.2773438,1306.296387,1545.186401,1194.156372,2979.227051
23-05-2022,627.442749,689.7323608,1318.191162,1577.863647,1186.171021,3005.238037
24-05-2022,634.6362305,686.9193726,1293.593872,1560.733276,1190.243286,2974.703369
25-05-2022,639.3757324,691.9634399,1266.169067,1511.261597,1188.491455,2885.125488
26-05-2022,657.6119385,706.6591797,1278.288086,1501.4729,1177.161621,2939.13623
27-05-2022,669.8095703,717.6204224,1311.862183,1535.781494,1171.701416,2970.422852
30-05-2022,674.3806763,726.0596313,1370.617188,1593.890259,1212.516113,3074.209229
31-05-2022,668.3179321,730.2791748,1364.085327,1587.796265,1197.887207,3064.281982
01-06-2022,671.1568604,730.0852051,1341.359375,1581.558472,1198.274292,3055.947998
02-06-2022,666.4654541,727.2721558,1368.076904,1571.145752,1239.589233,3117.700928
03-06-2022,664.1558838,721.9855347,1380.505737,1585.44519,1264.705811,3133.321289
06-06-2022,663.265686,724.3620605,1388.080933,1574.072754,1259.268555,3124.941895
07-06-2022,655.6391602,713.2067871,1366.897583,1525.368896,1261.634644,3062.779053
08-06-2022,657.9487915,707.6292725,1360.819214,1520.666382,1239.475708,3100.531982
09-06-2022,662.9047852,710.7818604,1374.42749,1530.791016,1273.464966,3121.434814
10-06-2022,650.1057129,698.4140015,1339.771973,1521.194214,1235.016479,3060.228271
13-06-2022,638.3170776,667.3734741,1292.324707,1470.283081,1211.651367,2932.442139
14-06-2022,631.2921143,664.9484253,1306.885498,1482.375122,1195.817017,2924.199219
15-06-2022,629.1027222,666.6459351,1290.237915,1497.442139,1181.347656,2920.328369
16-06-2022,616.5202637,658.1582642,1267.557861,1465.820557,1164.830811,2861.763672
17-06-2022,620.5860596,666.2578735,1258.576294,1429.880249,1178.481079,2813.399658
20-06-2022,636.1760254,665.3849487,1282.934937,1412.462158,1157.118408,2834.803223
21-06-2022,643.1047974,675.2305298,1315.367798,1439.813232,1175.796509,2925.474609
22-06-2022,640.0734253,666.0153809,1303.891479,1419.13208,1140.078003,2935.493164
23-06-2022,642.4311523,678.189209,1317.681152,1434.055054,1121.581909,3013.686768
24-06-2022,651.4049072,692.0604248,1307.384521,1434.582886,1137.552856,2999.386963
27-06-2022,652.5838013,695.8434448,1337.776001,1473.881958,1134.185791,3019.059814
28-06-2022,647.6037598,689.0048828,1342.811157,1488.948975,1150.133911,3022.202637
29-06-2022,646.6653442,681.6812744,1327.479126,1485.494019,1173.999268,2997.018311
30-06-2022,648.6141357,685.9978027,1326.254517,1495.426636,1181.05188,2975.705811
01-07-2022,651.3808594,682.796814,1342.130737,1508.766479,1095.987427,3019.425049
04-07-2022,652.2950439,698.5110474,1349.932617,1517.931274,1098.262329,2946.513916
05-07-2022,650.8274536,697.8806152,1339.000854,1501.808716,1107.157959,2929.436035
06-07-2022,659.8012695,704.18573,1353.244019,1493.411499,1097.420776,2969.921875
07-07-2022,671.6139526,719.7545776,1359.639893,1546.145874,1086.614258,2994.604492
08-07-2022,672.2394409,733.0437622,1373.928467,1619.417847,1088.115845,2974.202637
11-07-2022,676.5940552,746.4299927,1336.460571,1595.953613,1102.903687,2836.078369
12-07-2022,669.68927,737.1178589,1305.116333,1587.076416,1101.333862,2809.573975
13-07-2022,653.3535767,730.6187134,1310.423462,1580.838623,1081.813843,2767.722168
14-07-2022,650.0817871,729.8427124,1296.270874,1579.783081,1090.732056,2738.499512
15-07-2022,655.3745728,728.6786499,1297.631714,1616.922607,1092.8479,2734.709717
18-07-2022,648.397583,748.8551025,1351.656372,1657.997192,1102.152954,2797.630371
19-07-2022,648.6382446,757.2457886,1346.440063,1660.060425,1108.909912,2807.447266
20-07-2022,656.8180542,759.6222534,1374.699707,1669.80127,1138.89502,2890.138916
21-07-2022,654.7490845,762.4353638,1390.666504,1715.678467,1131.296265,2901.554199
22-07-2022,670.026123,776.0641479,1366.53479,1718.205566,1138.940674,2895.800781
25-07-2022,671.9988403,776.8886719,1364.085327,1732.493408,1101.311035,2891.919189
26-07-2022,670.6276245,772.4265137,1316.501831,1702.167969,1101.811523,2845.482422
27-07-2022,675.7519531,776.5006714,1334.55542,1746.295654,1100.765259,2912.101074
28-07-2022,681.7425537,790.1779175,1376.604736,1750.766724,1118.010132,2977.533203
29-07-2022,690.0908203,794.0579834,1405.907715,1757.376099,1141.829834,3015.340088
01-08-2022,695.8408203,798.7140503,1407.132568,1763.8396,1171.587769,3012.509521
02-08-2022,688.1902466,793.2334595,1400.373657,1742.796509,1176.046753,3006.116211
03-08-2022,689.802063,800.0721436,1420.786011,1739.637573,1185.920654,3049.677002
04-08-2022,688.9840698,795.6585693,1451.449829,1730.209473,1170.245361,3063.786377
05-08-2022,686.6505127,813.0704346,1466.645752,1737.353271,1153.000366,3073.009766
08-08-2022,703.491333,816.7297974,1469.140381,1778.370605,1168.084106,3081.593994
10-08-2022,705.5363159,828.2446899,1453.763306,1803.156006,1175.068481,3063.147461
11-08-2022,714.8708496,838.9301758,1469.639282,1814.81958,1178.981567,3125.473633
12-08-2022,714.6063232,853.2750854,1446.187988,1794.699829,1198.046631,3106.341797
16-08-2022,722.7860718,858.0078735,1448.319824,1797.081177,1206.373413,3098.260254
17-08-2022,726.5151978,861.9111938,1457.210571,1803.690552,1212.675415,3105.931396
18-08-2022,727.3812256,863.7164917,1436.072388,1841.451782,1214.874512,3087.803467
19-08-2022,718.4075317,849.3717041,1448.909546,1881.788696,1193.213623,3091.912842
22-08-2022,707.4849854,831.6600952,1429.449951,1827.941406,1189.904053,3063.421387
23-08-2022,705.2957764,843.0286865,1399.285034,1824.442261,1208.255249,2999.541748
24-08-2022,708.6879272,852.2015991,1394.8396,1840.2854,1205.036987,2972.830078
25-08-2022,704.838562,851.2745361,1377.2854,1825.268433,1201.521973,2938.904297
26-08-2022,704.9588623,849.81073,1380.369751,1851.997681,1195.108032,2942.557129
29-08-2022,692.5928955,835.1731567,1326.118286,1828.767578,1185.818359,2860.687256
30-08-2022,715.0633545,865.8633423,1354.423218,1868.618408,1204.21521,2932.465576
01-09-2022,708.3511353,853.2261963,1328.341064,1859.335938,1168.813965,2859.911621
02-09-2022,714.7747192,851.3233643,1318.180298,1886.113892,1155.164673,2858.723877
05-09-2022,719.369873,861.1305542,1325.710205,1913.18335,1173.10498,2861.463623
06-09-2022,716.6271362,862.3015747,1320.085449,1907.302979,1185.453247,2855.665039
07-09-2022,713.2349854,855.0315552,1322.399048,1903.220703,1178.560181,2876.258057
08-09-2022,720.5968018,877.0855103,1338.955566,1919.063843,1180.226196,2894.567627
09-09-2022,721.0779419,879.4763184,1371.388306,1895.104736,1172.876831,2938.401611
12-09-2022,718.6480713,885.2825317,1393.6604,1906.914185,1186.000977,2961.505859
13-09-2022,728.0548706,888.0149536,1401.598511,1935.538696,1195.906982,2949.086914
14-09-2022,735.5371094,895.9192505,1338.501953,1899.138306,1181.572998,2849.591797
15-09-2022,731.711853,895.4312744,1299.854736,1902.637451,1169.863892,2834.935059
16-09-2022,718.2632446,887.1366577,1249.277466,1866.188599,1140.876343,2747.585938
19-09-2022,723.0027466,877.4758301,1261.297974,1857.149048,1142.359985,2765.94165
20-09-2022,731.711853,894.6018677,1259.710449,1878.532471,1142.54248,2776.443848
21-09-2022,730.5811157,893.1380615,1249.458984,1842.520996,1145.692383,2740.736572
22-09-2022,715.0152588,881.5744019,1241.021851,1835.279663,1134.89624,2746.398926
23-09-2022,695.8408203,860.9353638,1238.753784,1804.80835,1113.623535,2723.248779
26-09-2022,686.4580078,840.2474976,1252.18042,1799.55957,1085.252319,2734.526855
27-09-2022,680.2990112,831.9528198,1264.24646,1789.597046,1093.880005,2755.57666
28-09-2022,668.6066895,828.9765625,1265.289795,1784.008179,1064.755493,2772.197266
29-09-2022,665.1422119,823.5119019,1268.873291,1764.617188,1061.491577,2737.175049
30-09-2022,683.9077759,841.1746216,1282.299927,1795.914795,1085.434937,2743.796143
03-10-2022,679.9862671,827.8543701,1264.427979,1768.310791,1081.668823,2725.896973
04-10-2022,699.1367798,846.6881104,1296.770264,1819.096436,1101.617676,2822.880127
06-10-2022,691.4381104,864.0581055,1320.130737,1859.335938,1105.680298,2832.742676
07-10-2022,688.4547729,861.2280273,1316.547119,1870.610962,1110.359619,2798.908691
10-10-2022,680.852356,860.4473877,1326.934814,1856.128418,1098.239624,2847.9021
11-10-2022,673.9476318,849.5668335,1291.689697,1826.28894,1076.373413,2803.154785
12-10-2022,678.3502808,847.3711548,1296.13501,1857.683716,1084.293579,2831.647217
13-10-2022,670.5554199,832.9775391,1288.151367,1823.567505,1087.740112,2833.97583
14-10-2022,692.4003906,849.2252808,1337.458618,1858.023926,1082.216431,2830.186523
17-10-2022,696.0332031,863.8140869,1351.70166,1830.4198,1099.586304,2849.047119
18-10-2022,694.7340088,875.2314453,1364.175903,1864.341797,1118.987305,2879.215088
19-10-2022,701.8554077,870.5473633,1347.619263,1851.511719,1138.456909,2858.294189
20-10-2022,697.1159058,867.1807861,1361.635864,1850.782715,1141.515503,2890.751465
21-10-2022,692.2078857,885.2338257,1361.272827,1824.150757,1128.276978,2872.531738
24-10-2022,703.0101929,903.9210815,1377.013062,1856.225708,1132.043213,2894.780273
25-10-2022,698.1263428,902.701355,1384.678955,1894.4729,1114.559326,2895.146973
27-10-2022,699.8103027,902.0671387,1397.65625,1909.004028,1118.94165,2890.843262
28-10-2022,701.8793945,885.9168091,1387.843018,1919.695679,1153.179077,2896.199219
31-10-2022,720.1637573,886.7463379,1410.220825,1966.398926,1163.883789,2923.575195
01-11-2022,728.1271362,886.6487427,1442.641479,1967.710938,1154.86792,2984.506592
02-11-2022,728.5841675,882.8430176,1424.574097,1956.873535,1162.080566,2968.026367
03-11-2022,725.3844604,886.6975708,1403.8927,1952.402466,1166.417358,2936.026855
04-11-2022,720.3803711,883.4284668,1388.530884,1958.623169,1183.581665,2945.777588
07-11-2022,725.9859009,895.3338013,1382.523682,1961.101563,1189.904053,2960.70166
09-11-2022,725.7694092,888.5028687,1385.962769,1947.348145,1188.717163,2944.541504
10-11-2022,733.6605225,888.6980591,1377.479492,1922.222778,1174.337646,2935.019531
11-11-2022,775.2334595,884.6483154,1439.981812,1954.735229,1201.407837,3036.007813
14-11-2022,777.1099854,873.3285522,1453.922241,1943.751953,1195.587524,3053.906982
15-11-2022,779.0105591,889.6738281,1461.901123,1940.593018,1190.223633,3051.252441
16-11-2022,785.6987915,891.5279541,1469.971802,1947.445435,1183.399048,3072.081543
17-11-2022,778.6015625,897.578186,1455.848145,1972.668213,1186.45752,3066.267578
18-11-2022,776.5566406,898.1148071,1461.350708,1967.710938,1185.818359,3061.186279
21-11-2022,768.5932617,899.1395874,1438.239014,1955.075317,1164.477295,3006.297363
22-11-2022,767.4625854,901.3839722,1453.692871,1972.911133,1170.936646,3035.092285
23-11-2022,769.4594727,905.043396,1451.950317,1968.245728,1167.284668,3029.003662
24-11-2022,781.9697266,916.1679077,1494.734131,1994.68335,1177.350464,3094.788086
25-11-2022,778.3610229,907.8244629,1500.099487,2004.937622,1194.925537,3103.48584
28-11-2022,769.9887085,914.7530518,1488.864624,2006.589966,1235.987549,3108.613281
29-11-2022,768.8338623,923.8770752,1494.046387,1993.07959,1238.110107,3110.536133
30-11-2022,773.9342041,929.87854,1499.457397,2016.698608,1246.852051,3104.538818
01-12-2022,779.2511597,917.4852905,1519.771973,2045.274414,1243.177246,3182.225342
02-12-2022,773.284729,908.1172485,1502.163086,2027.049927,1242.652222,3148.806885
05-12-2022,776.0995483,911.0447998,1503.859619,2027.147339,1224.529419,3136.675537
06-12-2022,775.2334595,900.359314,1479.234863,2034.825806,1228.067139,3099.549316
07-12-2022,774.8966064,899.87146,1472.447998,2064.470947,1209.944336,3095.199951
08-12-2022,779.2511597,909.3858032,1485.884033,2106.946289,1209.373657,3067.686768
09-12-2022,784.8086548,907.4342041,1439.248291,2093.678955,1191.045288,3014.766602
12-12-2022,790.9195557,907.8244629,1418.979492,2103.05835,1192.871338,3008.998535
13-12-2022,793.1088257,910.4105225,1441.861694,2112.000244,1198.303711,3050.794678
14-12-2022,799.821106,899.4810181,1448.511108,2133.918457,1193.966919,3081.237793
15-12-2022,785.1695557,886.8438721,1412.834717,2116.520264,1177.008057,3026.074219
16-12-2022,788.9467163,880.208252,1396.05127,2114.041504,1171.187744,2966.69873
19-12-2022,791.4006958,884.5507202,1382.432007,2122.789551,1186.571655,2931.723633
20-12-2022,785.9394531,887.722229,1382.38623,2102.621094,1196.843018,2970.086426
21-12-2022,778.3370361,870.6937866,1384.449707,2086.145996,1179.815552,2992.609375
22-12-2022,775.6665039,869.1324463,1395.913818,2050.814941,1176.756958,2984.506592
23-12-2022,768.7376709,857.6663818,1373.031494,2004.937622,1142.24585,2955.803711
26-12-2022,784.0387573,871.6208496,1377.892212,2032.444702,1152.220215,2978.280762
27-12-2022,784.8327637,878.8908081,1389.310425,2064.568359,1161.646973,2984.32373
28-12-2022,784.2072144,877.2319336,1384.999878,2061.652588,1161.532837,2982.125977
29-12-2022,789.7406616,886.1120605,1391.786743,2051.738037,1161.007813,2992.792969
30-12-2022,783.4133301,869.3275146,1383.211548,2027.341797,1162.788086,2981.759766
02-01-2023,783.6779785,880.6473389,1397.702148,2030.889038,1175.889648,2986.108643
03-01-2023,788.8023071,879.5739136,1396.372314,2030.403442,1167.284668,3031.796387
04-01-2023,774.7042236,877.3782959,1370.921997,2012.519165,1149.709595,3034.817627
05-01-2023,769.723999,857.9102783,1352.946289,2028.848145,1147.655396,3031.567383
06-01-2023,767.1738281,849.0788574,1328.458984,2028.070679,1158.086304,2940.422119
09-01-2023,768.6654663,852.2503052,1361.42981,2062.235352,1185.430298,3039.669678
10-01-2023,754.6154175,840.5402832,1347.947876,2047.607178,1167.901001,3008.952393
11-01-2023,765.4897461,845.3706665,1349.323608,2065.783203,1153.179077,3047.681641
12-01-2023,769.5797729,839.8572388,1357.898804,2099.218994,1128.276978,3052.854492
13-01-2023,770.1812134,852.3480225,1379.038696,2093.046875,1126.451172,3089.660645
16-01-2023,762.7952881,844.3461304,1399.078003,2077.301025,1115.723389,3121.966553
17-01-2023,774.1508179,844.2485352,1411.917603,2151.073975,1131.563843,3163.494873
18-01-2023,787.81604,848.4933472,1417.328735,2202.977295,1129.692139,3174.357178
19-01-2023,791.0878906,845.2243652,1411.367432,2209.392334,1128.482544,3158.532227
20-01-2023,799.1954956,849.3228149,1399.123657,2186.890869,1115.061523,3149.168457
23-01-2023,805.0418091,850.6402588,1419.713135,2170.9021,1109.423706,3197.67334
24-01-2023,815.8198853,849.7131958,1423.290039,2145.630859,1102.873047,3217.711914
25-01-2023,793.2772217,834.6364136,1415.127686,2113.749756,1087.625977,3211.578369
27-01-2023,777.4708862,797.4569092,1393.254028,2099.316162,1066.99231,3194.068359
30-01-2023,776.6769409,803.6047363,1411.275513,2053.682129,1077.218018,3215.230469
31-01-2023,771.5524292,811.8018188,1406.644165,2064.859619,1074.524536,3145.04834
01-02-2023,783.1245728,827.4640503,1422.556396,2085.416992,1068.156494,3191.540039
02-02-2023,771.4803467,837.173645,1452.50061,2084.785156,1062.244751,3240.278564
03-02-2023,798.1610718,842.9310913,1466.853638,2105.828613,1063.180664,3260.7854
06-02-2023,794.7688599,833.0751343,1439.752319,2095.671387,1055.169067,3239.857422
07-02-2023,795.9476929,832.1481323,1432.919922,2104.613281,1052.63562,3251.656006
08-02-2023,795.8514404,838.3446045,1458.691162,2071.129395,1073.657227,3296.181396
09-02-2023,794.1914673,840.0036011,1482.995117,2087.215088,1075.528809,3315.611328
10-02-2023,797.3431396,833.2214355,1475.245483,2103.204102,1066.672852,3312.521484
13-02-2023,797.944519,830.0988159,1437.55127,2141.54834,1060.60144,3260.879395
14-02-2023,805.3304443,844.3948364,1461.213257,2130.224854,1085.594604,3277.454102
15-02-2023,803.694519,849.7619629,1464.698364,2114.090088,1110.17688,3296.696045
16-02-2023,800.7834473,848.4446411,1469.054565,2117.249268,1109.30957,3331.717041
17-02-2023,796.765625,841.8088989,1452.546387,2163.952637,1113.942993,3278.436523
20-02-2023,789.2835083,831.5137329,1460.479492,2163.126221,1102.165527,3265.467773
21-02-2023,792.2427368,833.5631104,1448.602661,2166.965576,1111.158447,3231.476807
22-02-2023,776.7009277,818.9741821,1432.369507,2133.238037,1085.959839,3185.172363
23-02-2023,771.4321289,819.4620972,1422.189331,2098.635986,1080.755737,3196.642822
24-02-2023,764.5515747,819.4133911,1422.143677,2074.239258,1088.151001,3184.142334
27-02-2023,766.4521484,835.7098389,1384.220337,2054.459473,1080.915527,3119.906006
28-02-2023,769.6759033,834.1973267,1364.272949,2050.037109,1060.236206,3102.11499
01-03-2023,768.9301758,835.6123047,1372.068481,2056.014893,1069.982422,3170.330811
02-03-2023,762.3861694,833.3678589,1350.149048,2062.138428,1061.833862,3110.16748
03-03-2023,777.5189819,847.5663452,1356.706665,2091.734863,1088.927002,3129.550781
06-03-2023,783.0043335,846.7856445,1382.523682,2081.140137,1099.563354,3157.361816
08-03-2023,784.5681152,851.0305786,1368.995972,2109.959473,1103.512085,3174.731445
09-03-2023,784.6402588,835.270752,1357.715332,2131.731445,1076.989624,3124.588135
10-03-2023,764.4071655,822.2921753,1349.598877,2097.372559,1060.304688,3119.110352
13-03-2023,754.7357178,808.3864136,1316.169556,2074.044922,1042.866455,3073.180176
14-03-2023,752.7147217,810.2892456,1302.320923,2084.10498,1038.963501,3010.442139
15-03-2023,741.9125977,805.9467773,1302,2115.645264,1021.205688,2995.413086
16-03-2023,746.7242432,803.9951172,1287.738647,2112.680908,1016.115723,2982.397705
17-03-2023,756.7084351,816.0466919,1302.962891,2134.209961,1014.837708,2977.059814
20-03-2023,751.4637451,816.2418823,1287.325806,2116.520264,1004.863159,2943.350098
21-03-2023,759.9804077,831.8065186,1275.448853,2146.553955,1036.110229,2908.516113
22-03-2023,758.2242432,839.4180908,1274.119141,2151.899902,1039.260254,2931.645508
23-03-2023,752.1373901,834.7828369,1260.637573,2144.804443,1026.113159,2925.88623
24-03-2023,750.9345093,831.8065186,1266.231934,2105.439453,1005.79895,2922.000488
27-03-2023,754.2062988,828.1958618,1273.844116,2093.630127,1021.433899,2923.685791
28-03-2023,760.3412476,834.0997314,1263.434692,2073.802002,1026.204468,2917.692871
29-03-2023,763.9981689,830.4403687,1268.891602,2087.263672,1020.132935,2939.229492
31-03-2023,774.463501,856.0560913,1309.612061,2103.544189,1064.116455,3001.967773
03-04-2023,774.9447632,862.447876,1293.929199,2109.327393,1064.299072,2996.443115
05-04-2023,795.7311401,863.2285767,1305.576904,2194.472412,1061.742676,3033.71167
06-04-2023,801.7938843,853.8605347,1304.063477,2210.51001,1068.863892,3015.826416
10-04-2023,797.9926147,847.46875,1309.291016,2244.966309,1061.286133,3055.810059
11-04-2023,800.326355,860.5938721,1289.618652,2236.996094,1066.535767,3009.365234
12-04-2023,810.7196045,868.6445313,1309.932983,2224.360596,1071.237793,3035.443848
13-04-2023,814.3522949,877.2807007,1274.073242,2195.444336,1075.277832,2986.002441
17-04-2023,801.9382324,879.5250854,1154.021362,2151.948486,1080.73291,2939.791748
18-04-2023,798.5460205,875.1826172,1154.984375,2154.47583,1068.361816,2931.5979
19-04-2023,801.4811401,870.3522339,1130.084351,2157.391602,1073.680054,2893.066162
20-04-2023,804.4643555,872.7918701,1122.013794,2170.173096,1070.963867,2907.299072
21-04-2023,805.7634277,864.2532349,1125.636353,2153.11499,1072.310547,2959.783691
24-04-2023,812.2833252,882.8917847,1124.673462,2166.430908,1076.419067,2972.846191
25-04-2023,800.7352905,891.3815308,1123.389282,2184.947266,1084.658691,2973.969971
26-04-2023,804.4161987,892.8453369,1125.819824,2212.356689,1078.290649,2994.710693
27-04-2023,808.8430176,896.163208,1142.969971,2240.981445,1085.115234,2985.159912
28-04-2023,812.0186768,895.4801025,1148.931396,2298.133301,1104.950073,3014.46875
02-05-2023,811.8502808,899.8225708,1171.584351,2317.621338,1114.331055,3014.609375
03-05-2023,814.6891479,900.5545044,1163.97229,2290.260498,1104.767456,2977.621582
04-05-2023,831.3616943,899.432312,1168.007568,2290.843262,1117.503662,3015.826416
05-05-2023,782.2103882,904.5554199,1154.755005,2310.865967,1114.650635,3025.19043
08-05-2023,791.2562866,915.2409058,1160.716309,2299.105469,1128.414063,3043.824707
09-05-2023,791.2803955,911.8255005,1165.393677,2307.804443,1131.906128,3074.397705
10-05-2023,794.9371948,913.4355469,1158.561279,2298.181885,1139.689575,3077.721924
11-05-2023,795.4664917,916.5095215,1152.003662,2179.30957,1132.248657,3073.367676
12-05-2023,802.4916382,921.0959473,1142.00708,2158.849854,1134.097412,3066.01709
15-05-2023,806.3410034,922.9012451,1154.067139,2183.877686,1136.334229,3047.991455
16-05-2023,801.7174072,923.4867554,1159.524292,2164.778564,1120.151367,3050.894043
17-05-2023,797.4102173,916.6558228,1143.566162,2157.391602,1113.532104,3004.589844
18-05-2023,800.5980225,923.6330566,1142.740723,2126.871582,1111.13562,2996.302979
19-05-2023,801.5227051,931.2446899,1163.74292,2128.669922,1114.741821,3017.839844
22-05-2023,798.6756592,927.3900146,1185.662354,2154.47583,1120.699097,3088.864746
23-05-2023,796.8018799,930.3664551,1192.311523,2136.056641,1120.493774,3087.319336
24-05-2023,786.3867798,917.9244995,1191.027588,2123.906982,1113.96582,3093.219482
25-05-2023,783.3693237,917.1437988,1196.254883,2142.909424,1113.828979,3083.995605
26-05-2023,786.3867798,927.7316895,1208.269531,2156.273682,1144.208862,3117.143799
29-05-2023,795.9744873,925.2433472,1205.47229,2162.202881,1150.645264,3109.137695
30-05-2023,796.5828857,926.9998169,1214.139038,2148.838379,1150.348755,3105.251221
31-05-2023,783.9777832,926.2191162,1209.04895,2143.83252,1127.500854,3080.25
01-06-2023,780.6439209,913.484375,1210.149658,2145.922363,1124.465332,3112.55542
02-06-2023,781.8605957,915.4848633,1207.361084,2171.922607,1120.790527,3095.325928
05-06-2023,780.8386841,923.8770752,1212.473267,2204.726807,1130.856323,3079.688232
06-06-2023,778.4051514,919.3394165,1188.772217,2214.106201,1131.814819,3026.688477
07-06-2023,782.4445801,917.4852905,1198.020142,2250.604004,1140.396973,3066.578613
08-06-2023,782.9312744,915.2409058,1192.304199,2274.708984,1141.081665,3030.574463
09-06-2023,783.8560791,915.3872681,1176.642822,2296.772461,1133.001831,3005.151855
12-06-2023,779.0865479,913.3380737,1200.808472,2274.368652,1134.006104,3040.359619
13-06-2023,780.4005737,920.7543945,1212.798584,2288.41333,1150.759399,3037.363525
14-06-2023,779.5488892,917.0950317,1208.662598,2289.045654,1164.910889,3044.24585
15-06-2023,769.9611816,904.2138672,1196.021973,2295.120361,1165.230469,3034.104736
16-06-2023,780.0355835,911.6303101,1200.529907,2300.466064,1176.574463,2995.049805
19-06-2023,780.71698,900.84729,1202.714111,2300.028809,1164.888062,3028.538574
20-06-2023,782.34729,903.18927,1211.45105,2315.23999,1167.307495,3044.859375
21-06-2023,796.0231323,902.3598022,1207.686646,2327.341064,1170.594238,3073.631104
22-06-2023,799.916687,903.3843994,1191.142212,2348.530029,1157.447144,3055.047119
23-06-2023,799.868042,901.1888428,1175.759888,2322.578613,1147.974976,3034.152344
26-06-2023,795.9988403,905.043396,1180.732422,2310.915039,1139.210083,3008.964844
27-06-2023,807.2169189,913.484375,1188.911621,2321.120605,1139.621094,3016.228027
28-06-2023,815.7583618,914.8018188,1202.109985,2353.584473,1154.708252,3033.302979
30-06-2023,828.0471191,912.0205688,1241.286499,2406.168213,1164.18042,3115.185547
03-07-2023,837.0021973,919.7785034,1239.613403,2385.270752,1194.058228,3086.932373
04-07-2023,841.090271,921.8765869,1250.255493,2392.852295,1181.755615,3121.411621
05-07-2023,814.3712769,934.8552246,1252.253906,2401.55127,1179.815552,3131.883057
06-07-2023,815.1986084,936.2214966,1249.09375,2418.852539,1204.580444,3134.665771
07-07-2023,808.0930176,923.5355835,1236.360229,2380.702637,1202.229492,3140.65625
10-07-2023,806.1705933,925.4872437,1235.384277,2370.399658,1248.541138,3086.602539
11-07-2023,802.2527466,922.1205444,1253.462158,2405.196289,1262.076172,3087.026855
12-07-2023,794.7334595,921.5838623,1239.241699,2386.145508,1263.468506,3075.235107
13-07-2023,798.6999512,932.6108398,1268.798096,2381.47998,1252.170166,3151.316406
14-07-2023,800.3546753,936.8557739,1325.355347,2402.960693,1251.120361,3315.553955
17-07-2023,817.0966797,945.2967529,1322.567017,2399.607178,1276.684082,3293.904053
18-07-2023,816.4152832,951.883728,1371.130981,2405.341797,1287.525879,3298.762207
19-07-2023,820.1141357,949.9320068,1370.898804,2424.246826,1297.294922,3273.480713
20-07-2023,821.890564,971.546875,1347.244263,2419.921387,1295.723755,3275.608398
21-07-2023,815.5635986,972.9130859,1237.661499,2513.765869,1255.613403,3185.757324
24-07-2023,816.8533325,968.0338745,1242.308716,2532.23291,1230.216797,3210.773682
25-07-2023,825.7109985,970.6686401,1240.449829,2489.125977,1229.425537,3214.935547
26-07-2023,822.8395386,972.3763428,1253.69458,2572.083984,1249.406372,3204.673584
27-07-2023,814.2982178,966.3261108,1257.691284,2585.643066,1237.783813,3212.806641
28-07-2023,799.868042,972.1324463,1245.933594,2575.291504,1250.222656,3173.556152
31-07-2023,803.6154785,974.1817017,1260.061157,2606.200439,1260.806519,3236.026611
01-08-2023,808.9934082,970.5222168,1268.891113,2591.912109,1242.976929,3264.968262
02-08-2023,798.407959,963.105896,1261.130127,2577.658203,1229.697632,3254.186035
03-08-2023,792.6407471,941.6861572,1268.054688,2554.016357,1224.529175,3215.69165
04-08-2023,804.1021729,947.0532837,1281.113403,2582.327393,1241.171631,3256.929199
07-08-2023,803.6398315,952.0788574,1294.730103,2591.174805,1248.244263,3295.233887
08-08-2023,802.9828491,956.2262573,1292.127563,2587.537598,1240.726563,3282.513428
09-08-2023,803.2747803,957.0133057,1296.031372,2606.608643,1248.911865,3274.852051
10-08-2023,796.1448364,948.552002,1291.105103,2598.645996,1254.475952,3255.557617
11-08-2023,787.8469238,937.4833984,1275.072144,2593.730957,1259.767822,3261.894531
14-08-2023,784.0020752,944.0753784,1295.241211,2614.767578,1274.654785,3262.887695
16-08-2023,781.7145996,941.0745239,1318.430908,2645.38916,1273.616211,3270.974365
17-08-2023,777.3831177,936.3027954,1311.971436,2607.493408,1255.242432,3249.552002
18-08-2023,774.1953125,935.3189087,1290.826294,2597.122314,1264.540649,3184.62207
21-08-2023,773.5869751,939.7955322,1306.255371,2617.077881,1250.742676,3217.299316
22-08-2023,770.2774658,936.6471558,1304.721558,2633.346924,1250.444824,3198.856201
23-08-2023,772.1755981,951.2576294,1308.625244,2671.48877,1251.834595,3214.084229
24-08-2023,768.6228027,953.3237915,1323.171265,2642.53833,1230.790405,3204.153076
25-08-2023,759.9597778,954.7504272,1319.918213,2593.632568,1225.107544,3198.05249
28-08-2023,767.8684082,954.8980103,1315.782104,2649.616455,1212.897705,3192.614502
29-08-2023,773.9763184,952.1431274,1317.641113,2672.815918,1201.283813,3193.181396
30-08-2023,768.3307495,943.4359131,1333.906494,2663.034668,1200.142334,3207.179688
31-08-2023,764.8022461,943.288269,1334.185303,2656.841553,1194.657837,3174.880371
01-09-2023,766.3840332,953.0778198,1341.992676,2656.251709,1197.461914,3196.066406
04-09-2023,771.1778564,951.7495728,1361.743652,2665.099121,1196.494141,3233.236328
05-09-2023,766.4813843,952.7826538,1374.57019,2686.578125,1202.896973,3243.498779
06-09-2023,776.5070801,942.0584717,1373.22229,2684.120605,1205.428101,3244.018311
07-09-2023,783.9777832,950.0770264,1362.765991,2798.103271,1207.065918,3267.994629
08-09-2023,790.0856934,954.8980103,1365.926147,2852.366943,1215.106445,3255.368652
11-09-2023,794.1738281,962.4738159,1372.292969,2845.092285,1228.209473,3292.018311
12-09-2023,796.6559448,974.5262451,1395.204102,2894.145752,1210.46582,3386.740967
13-09-2023,800.0627441,973.8375244,1392.647949,2857.429199,1216.520996,3374.493164
14-09-2023,799.5760498,971.7714233,1400.641235,2869.078125,1217.637695,3367.115479
15-09-2023,808.75,976.4448242,1404.963379,2859.19873,1219.895996,3403.292725
18-09-2023,792.8353882,974.2311401,1386.560181,2870.306885,1209.274658,3410.716797
20-09-2023,761.0304565,971.2302856,1385.119629,2840.963379,1182.324097,3410.622314
21-09-2023,755.9932861,943.8294067,1395.808228,2850.154785,1173.712769,3390.996826
22-09-2023,744.4588623,934.9744873,1390.603271,2868.97998,1168.823975,3408.352295
25-09-2023,745.1158447,940.9269409,1370.155273,2853.251465,1161.627319,3383.288818
26-09-2023,748.352356,933.4003296,1357.607544,2863.131104,1162.644775,3391.374756
27-09-2023,743.0960693,927.890625,1363.509644,2914.73999,1175.747803,3394.780518
28-09-2023,741.5630493,927.3986816,1337.903198,2958.927246,1158.475708,3345.078125
29-09-2023,742.8284302,936.5487671,1334.185303,2972.247559,1163.88562,3337.369629
03-10-2023,733.9464111,925.1358032,1332.837646,3021.104248,1150.559204,3323.419434
04-10-2023,744.4102173,915.0510864,1342.457397,2976.376221,1148.573853,3346.023438
05-10-2023,747.4276123,925.6769409,1360.209961,3043.517334,1148.549194,3394.827393
06-10-2023,746.6003418,929.9568481,1374.384155,3041.207275,1150.484741,3425.140625
09-10-2023,737.9372559,923.4632568,1371.363403,3022.529297,1140.682251,3441.172119
10-10-2023,742.1227417,935.8600464,1389.673828,3023.807617,1145.719971,3432.233887
11-10-2023,749.3013306,937.7293701,1388.976563,3036.291992,1163.9104,3414.263672
12-10-2023,754.289856,938.8608398,1362.115356,3029.459961,1166.069336,3350.563721
13-10-2023,747.4276123,935.9584351,1330.188721,3037.176758,1166.019775,3377.329834
16-10-2023,744.4345093,936.0568848,1332.977051,3049.268066,1163.414063,3333.066162
17-10-2023,750.0800171,938.5165405,1340.691528,3014.272217,1168.9729,3316.987549
18-10-2023,739.640625,928.5301514,1338.925659,2993.92334,1153.462769,3298.260742
19-10-2023,737.3045654,920.6591797,1332.512329,3002.573975,1144.603271,3276.830078
20-10-2023,741.125061,917.7075806,1326.563721,2961.237549,1141.104248,3313.717285
23-10-2023,732.9730225,914.9527588,1309.275879,2908.104736,1123.286011,3233.68457
25-10-2023,728.3252563,901.3260498,1289.88147,2866.620605,1120.68042,3214.672119
26-10-2023,712.2158813,893.9962769,1279.901489,2815.994629,1105.070801,3164.082764
27-10-2023,715.0143433,898.0301514,1299.578613,2852.661621,1124.576538,3177.547607
30-10-2023,722.7769775,909.9841919,1296.47168,2876.696777,1147.755005,3203.719727
31-10-2023,718.5915527,900.5881958,1288.327759,2879.351074,1135.545288,3194.426758
01-11-2023,717.618103,899.3091431,1274.911743,2846.173584,1140.260376,3158.29834
02-11-2023,718.7131958,905.1140137,1289.975586,2868.58667,1151.57666,3186.224609
03-11-2023,722.1199341,918.7406616,1307.769653,2861.852783,1151.328491,3177.500732
06-11-2023,727.3518066,930.2028198,1321.185791,2924.963623,1160.907593,3205.331299
07-11-2023,723.8233032,932.8099976,1322.127197,2911.053711,1153.363403,3196.038574
08-11-2023,725.9161377,920.6591797,1309.605469,2945.607178,1159.369019,3206.564697
09-11-2023,723.0446777,922.2333374,1294.353516,2973.525391,1146.787109,3174.229004
10-11-2023,725.8917847,923.4632568,1288.751465,2981.782959,1148.946167,3160.953613
13-11-2023,724.5776978,919.380188,1293.176514,2996.77417,1148.797363,3159.1521
15-11-2023,732.1700439,925.9229126,1327.964355,3012.945068,1169.568481,3228.136963
16-11-2023,734.0924072,920.9051514,1360.351563,2999.37915,1171.677856,3316.846436
17-11-2023,732.5106812,906.9833374,1353.431519,3056.247559,1169.121826,3321.208252
20-11-2023,732.5593262,906.5898438,1352.536987,3036.390381,1166.044556,3337.470947
21-11-2023,738.7645874,911.1647949,1354.796753,3022.677246,1180.710938,3328.557129
22-11-2023,736.1365356,907.8688354,1372.496704,3030.000732,1185.326782,3347.474854
23-11-2023,740.3950806,908.1148071,1364.446899,2993.972412,1188.950073,3326.708252
24-11-2023,745.6511841,914.4116211,1353.290527,3002.426514,1188.155884,3278.204834
28-11-2023,743.972168,910.5745239,1358.280151,2998.248779,1188.404053,3290.57959
29-11-2023,758.81604,924.4470825,1374.191162,3031.426025,1191.530884,3331.923584
30-11-2023,758.6456909,919.8721313,1370.001831,3056.444092,1179.991333,3307.126709
01-12-2023,756.9909668,931.4326172,1367.318359,3136.511963,1188.354492,3329.932129
04-12-2023,783.2720337,975.2149658,1378.66333,3257.326904,1201.209351,3330.690918
05-12-2023,790.2316284,997.1061401,1368.871826,3259.19458,1209.919922,3348.850098
06-12-2023,792.2270508,987.0706177,1388.031128,3334.740723,1221.509155,3417.598633
07-12-2023,793.5167236,982.8891602,1380.122681,3298.663574,1219.498901,3427.839111
08-12-2023,804.5888672,994.5480347,1403.895142,3321.125732,1218.853638,3439.028564
11-12-2023,803.5181885,1000.697266,1401.400146,3328.351074,1220.640503,3454.389893
12-12-2023,795.536499,999.3198853,1389.678711,3285.687256,1203.120117,3482.07959
13-12-2023,793.7357788,997.5488892,1364.21167,3342.113525,1208.033691,3407.594238
14-12-2023,803.1044922,1016.980408,1413.592407,3374.848633,1223.022827,3477.480469
15-12-2023,806.2192993,1020.669983,1486.039673,3428.816895,1238.632324,3661.204102
18-12-2023,805.805603,1004.977173,1472.81189,3432.355957,1251.239014,3659.497559
19-12-2023,804.4428101,999.0739136,1467.115845,3439.581055,1269.65271,3618.7229
20-12-2023,806.4382935,990.4157715,1446.497314,3360.496094,1254.291382,3584.443359
21-12-2023,820.8927612,988.2020874,1446.120728,3366.050293,1271.86145,3591.507568
22-12-2023,813.178833,978.2649536,1471.446533,3418.937256,1273.102295,3626.119385
26-12-2023,818.8244019,979.052002,1453.605591,3430.832031,1279.554443,3599.141602
27-12-2023,828.9718628,986.086792,1475.400757,3483.866699,1283.922241,3613.981201
28-12-2023,829.9208374,989.6779175,1471.211304,3458.357178,1293.203491,3603.265869
29-12-2023,831.8675537,980.5278931,1452.617065,3466.172119,1282.979004,3597.102295
01-01-2024,826.44104,983.2827148,1460.572632,3465.631348,1285.609619,3613.886719
02-01-2024,826.9276733,966.4092407,1444.61438,3379.763672,1296.255859,3587.43042
03-01-2024,814.1765137,968.1802979,1402.8125,3381.975342,1282.160156,3500.712646
04-01-2024,822.9125366,971.2302856,1424.184082,3400.013916,1288.786011,3477.053955
05-01-2024,818.7026978,977.6746216,1442.872681,3462.141602,1294.270508,3544.474609
08-01-2024,809.5773926,966.163269,1433.693237,3441.69458,1284.170288,3487.95874
09-01-2024,803.2747803,963.949585,1439.812744,3495.61377,1280.770508,3498.958252
10-01-2024,805.9272461,977.0350952,1430.962891,3485.341309,1315.314819,3520.910645
11-01-2024,802.5447998,975.1657715,1406.766724,3445.380859,1349.908813,3542.246094
12-01-2024,798.7485962,987.3165894,1518.379639,3508.24585,1360.654175,3681.876465
15-01-2024,814.1278687,993.5641479,1555.427124,3482.932861,1383.882324,3701.789551
16-01-2024,817.2183228,992.7770996,1536.07959,3512.865967,1364.525513,3661.489014
17-01-2024,748.2792969,965.9173584,1544.223389,3510.359375,1351.571289,3683.583008
18-01-2024,723.2880249,970.4431152,1546.48291,3534.984375,1357.899536,3700.651855
19-01-2024,715.7443848,983.0859375,1562.111572,3584.135986,1357.403198,3765.057617
23-01-2024,694.6708984,1012.45459,1546.059448,3490.747803,1318.813843,3684.085205
24-01-2024,708.5657959,983.0859375,1577.36377,3528.299805,1334.001465,3668.377686
25-01-2024,698.3453979,993.6625977,1571.432251,3532.477539,1343.133789,3638.299805
29-01-2024,707.9573975,1000.008606,1559.663818,3645.08374,1437.411133,3629.418945
30-01-2024,702.9202271,1000.500549,1554.815186,3571.651611,1397.283081,3628.989746
31-01-2024,711.8022461,1011.569092,1563.71228,3420.706787,1416.143555,3643.69458
01-02-2024,713.6516113,1008.617432,1560.087524,3340.343994,1416.168335,3680.170166
02-02-2024,703.8206177,1007.485962,1594.263428,3318.766357,1446.990112,3787.257324
05-02-2024,703.1879272,1006.99408,1588.473267,3285.04834,1428.452393,3793.941406
06-02-2024,702.822876,1009.84729,1628.250854,3366.148438,1417.309814,3949.296631
07-02-2024,695.9362183,1005.665894,1594.640015,3337.099854,1431.554443,3899.071533
08-02-2024,682.8444214,973.3456421,1593.086426,3278.904541,1439.470825,3947.483398
09-02-2024,683.1120605,994.4005127,1571.667725,3268.140381,1450.0177,3947.101074
12-02-2024,676.4931641,980.0359497,1581.788696,3243.564453,1441.679443,3934.687988
13-02-2024,678.6589355,1003.353699,1585.978271,3265.14209,1454.335815,3962.187256
14-02-2024,673.5974121,1006.20697,1568.702148,3252.854004,1470.491211,3915.017822
15-02-2024,688.197998,1000.254578,1578.258057,3244.301758,1459.795288,3917.978027
16-02-2024,691.045105,1006.748108,1602.077637,3329.284668,1449.843994,3941.945068
19-02-2024,689.682373,1026.91748,1600.288696,3283.180664,1463.17041,3918.550537
20-02-2024,707.7870483,1031.836914,1586.637329,3299.793945,1460.217407,3848.702637
21-02-2024,700.4138184,1034.985229,1558.675293,3240.467773,1456.916748,3811.320313
22-02-2024,690.8747559,1045.56189,1582.965454,3306.675049,1470.863403,3902.604736
23-02-2024,691.3858032,1044.184448,1578.72876,3330.464355,1482.651245,3869.184814
26-02-2024,692.2131348,1037.198975,1563.006104,3411.269531,1476.397461,3820.438965
27-02-2024,691.1668091,1043.102051,1566.25415,3446.953613,1474.734863,3919.123535
28-02-2024,685.9348755,1029.327881,1573.456543,3411.318604,1444.93042,3933.016846
29-02-2024,683.0147705,1035.231201,1575.951416,3418.544189,1450.067505,3910.243896
01-03-2024,696.3256226,1069.371582,1557.874878,3571.8479,1481.162231,3909.527588
04-03-2024,697.2746582,1074.733643,1541.398926,3582.612305,1496.325073,3896.493652
05-03-2024,701.2410889,1070.503052,1512.495361,3551.302734,1489.177856,3830.990234
06-03-2024,702.0927734,1079.407104,1522.898804,3580.400391,1491.957397,3880.83374
07-03-2024,703.7962036,1070.404663,1521.863159,3614.560547,1468.059326,3923.133789
11-03-2024,694.8899536,1061.303833,1506.940674,3578.827881,1455.824707,3936.263428
12-03-2024,710.3422241,1059.483643,1518.567993,3560.198975,1464.585083,4003.007813
13-03-2024,710.7558594,1066.469116,1517.108643,3478.509277,1421.65271,3961.710205
14-03-2024,708.3467407,1066.124756,1556.556885,3546.977295,1420.957886,4017.664795
15-03-2024,706.9840698,1062.927124,1538.38623,3477.132813,1407.805176,4028.788818
18-03-2024,703.7719727,1063.763428,1508.870605,3500.774658,1428.899048,3965.052002
19-03-2024,705.3779907,1066.469116,1470.081543,3442.284424,1414.778564,3797.76123
20-03-2024,696.4716187,1067.010254,1463.961792,3450.148682,1433.142578,3791.649658
21-03-2024,703.6259155,1064.353882,1463.726563,3499.595215,1440.314575,3793.607422
22-03-2024,702.2144775,1072.716797,1420.559326,3556.414551,1444.334839,3734.358154
26-03-2024,693.7218628,1066.223145,1405.307373,3607.827148,1430.983643,3702.466553
27-03-2024,701.1681519,1066.272461,1397.022339,3643.51123,1481.881958,3667.518311
28-03-2024,704.6723022,1075.668457,1410.391357,3700.0354,1474.93335,3701.320557
01-04-2024,715.6713867,1081.916016,1407.943481,3772.878174,1473.866333,3739.944092
02-04-2024,720.3678589,1063.763428,1396.080811,3742.797363,1476.025146,3708.481689
03-04-2024,721.4143066,1059.828003,1394.009521,3718.270752,1460.788086,3769.11499
04-04-2024,743.4611816,1061.451416,1399.705566,3733.409424,1452.17688,3822.587646
05-04-2024,754.1439209,1065.928101,1392.550293,3679.588379,1449.372437,3799.623047
08-04-2024,752.7081909,1069.617554,1390.290649,3743.23999,1475.057373,3793.225586
09-04-2024,753.6572266,1089.196777,1407.37854,3721.023438,1452.896484,3768.398926
10-04-2024,747.7196655,1091.508789,1418.629395,3689.516846,1468.704468,3804.779297
12-04-2024,739.2512817,1086.589478,1397.869751,3616.821777,1456.370728,3820.772949
15-04-2024,727.4490967,1060.959473,1382.240967,3539.702881,1454.062744,3763.290527
16-04-2024,734.5304565,1049.841675,1331.683105,3483.325928,1454.981079,3697.978027
18-04-2024,727.4490967,1038.428711,1336.202393,3490.69873,1453.566406,3687.665771
19-04-2024,745.2619019,1050.038452,1328.67041,3458.651855,1459.323975,3653.481934
22-04-2024,735.9661255,1069.12561,1348.912231,3551.400879,1468.977417,3690.148438
23-04-2024,733.727356,1072.667603,1357.997803,3548.894043,1448.603271,3699.79248
24-04-2024,735.7228394,1079.062744,1347.029541,3573.175049,1439.520508,3658.113037
25-04-2024,735.260498,1095.788574,1354.278809,3590.329102,1449.248413,3678.30835
26-04-2024,734.7981567,1090.032959,1346.558716,3544.02832,1441.878174,3648.85083
29-04-2024,744.3858643,1141.440308,1350.79541,3572.634521,1454.261353,3695.495361
30-04-2024,739.8109741,1131.847534,1337.426392,3533.313232,1456.221802,3648.182129
02-05-2024,745.7241821,1121.074097,1331.683105,3538.425049,1455.775269,3688.907227
03-05-2024,739.567627,1123.632202,1333.425049,3440.416748,1423.464355,3669.905273
06-05-2024,741.052063,1127.813721,1342.463257,3404.536133,1409.095703,3744.050293
07-05-2024,733.0217285,1113.645874,1356.632568,3369.589355,1391.178223,3799.336426
08-05-2024,721.5845947,1104.889404,1343.781372,3427.686523,1408.12793,3797.426758
09-05-2024,704.4776001,1097.707153,1355.314575,3219.873291,1383.882324,3781.432861
10-05-2024,709.3615723,1099.0354,1341.521729,3215.941162,1397.084595,3718.125732
13-05-2024,717.9208984,1109.808838,1340.156494,3237.961182,1392.394287,3769.592773
14-05-2024,720.7328491,1102.479004,1341.333374,3322.108643,1409.641479,3725.096191
15-05-2024,709.6575928,1106.217651,1336.861328,3353.418213,1405.869629,3705.235107
16-05-2024,720.3875122,1112.80957,1368.307007,3401.881836,1414.877808,3751.930176
17-05-2024,722.2868652,1112.268433,1359.786621,3392.198975,1425.151855,3687.634277
21-05-2024,719.6721802,1102.872437,1350.230347,3382.565186,1425.57373,3674.265137
22-05-2024,719.8695068,1093.181274,1369.672241,3402.127686,1449.918579,3685.614502
23-05-2024,736.3468018,1116.203979,1386.242432,3524.563965,1475.131958,3744.716797
24-05-2024,748.4827881,1113.694946,1379.369507,3564.376953,1469.374512,3702.446045
27-05-2024,753.6627808,1111.579834,1385.253784,3590.033936,1455.477417,3700.0896
28-05-2024,755.0440674,1108.775635,1381.205322,3596.128906,1445.501099,3693.212646
29-05-2024,744.0921631,1084.228149,1366.047485,3573.125977,1430.189575,3658.347412
30-05-2024,747.3234253,1095.73938,1343.922485,3573.027588,1414.38147,3593.37793
31-05-2024,755.5620728,1102.970947,1351.077026,3607.040771,1419.890747,3530.716553
03-06-2024,775.6159668,1141.292725,1350.116699,3831.024414,1499.228516,3561.398193
04-06-2024,731.6848755,1054.170776,1338.352661,3345.455566,1387.009155,3573.08374
05-06-2024,765.552063,1090.770874,1373.356445,3351.157471,1410.311646,3603.33252
06-06-2024,769.4493408,1092.492554,1413.833984,3423.459473,1421.081909,3684.075439
07-06-2024,776.1832886,1103.610352,1472.749756,3472.561768,1459.150024,3745.197754
10-06-2024,770.2387695,1105.676514,1440.242798,3483.62085,1460.589478,3711.294434
11-06-2024,771.9653931,1100.166748,1436.401489,3537.638428,1445.972778,3704.946289
12-06-2024,776.5780029,1101.495117,1426.270142,3568.702393,1452.573853,3685.277832
13-06-2024,779.8340454,1089.491821,1434.672852,3640.807617,1454.484741,3730.001465
14-06-2024,787.8013306,1087.819214,1429.823364,3625.226807,1466.694458,3685.662598
18-06-2024,793.1785889,1104.741821,1438.754272,3626.602783,1470.143921,3669.360107
19-06-2024,817.869873,1125.993408,1451.382568,3529.037109,1447.933228,3656.47168
20-06-2024,823.5431519,1138.144409,1455.271973,3561.236572,1462.872681,3642.57373
21-06-2024,821.7672119,1139.9646,1471.885498,3502.336182,1443.515869,3665.176025
24-06-2024,825.0478516,1151.229858,1466.555664,3498.967529,1430.884277,3670.995117
25-06-2024,844.2631226,1178.630737,1480.768433,3554.648193,1443.466309,3691.817871
26-06-2024,839.4038086,1198.357422,1479.568115,3569.658203,1502.901367,3708.553467
27-06-2024,836.7644653,1200.226807,1510.922607,3531.464355,1519.304932,3783.861816
28-06-2024,830.671875,1180.254028,1504.584351,3515.661621,1553.898926,3755.008301
01-07-2024,841.2290649,1192.306519,1527.680176,3493.964111,1548.6875,3826.229248
02-07-2024,853.7597046,1171.399292,1556.730103,3592.990479,1553.675659,3863.931641
03-07-2024,872.5310059,1182.221802,1562.828003,3580.952881,1541.019287,3813.77417
04-07-2024,852.0578003,1213.115479,1585.155518,3540.282227,1542.607544,3867.346436
05-07-2024,813.0598755,1213.509033,1582.082275,3593.634521,1576.953247,3858.545654
08-07-2024,806.7698975,1215.132446,1595.718994,3598.439697,1589.138184,3840.656494
09-07-2024,807.3372192,1228.119507,1591.397583,3632.224854,1578.591187,3833.250732
10-07-2024,802.206543,1223.151001,1582.850708,3616.322998,1572.585571,3759.817139
11-07-2024,800.1346436,1218.477539,1587.124023,3587.640625,1569.036865,3773.811279
12-07-2024,800.5292358,1213.01709,1643.831177,3615.629639,1584.993774,4024.119873
15-07-2024,800.2332764,1210.114624,1639.317627,3617.858643,1585.490112,4009.93335
16-07-2024,799.0739136,1219.904175,1657.563721,3602.947754,1564.669189,4018.829834
18-07-2024,796.632019,1230.136475,1688.294067,3622.416016,1575.0177,4150.692871
19-07-2024,792.9319458,1228.513184,1721.809204,3585.064453,1543.724243,4147.655762
22-07-2024,810.3218994,1221.134033,1738.999023,3617.709961,1489.649536,4133.147461
23-07-2024,798.407959,1206.966309,1764.015381,3505.35791,1476.968262,4147.607422
24-07-2024,791.3286743,1203.276733,1761.182373,3486.929688,1484.710938,4151.367188
25-07-2024,797.5198975,1178.581543,1752.443481,3585.708496,1481.435181,4167.032715
26-07-2024,798.2846069,1187.731445,1804.348999,3645.896973,1497.93811,4230.032227
29-07-2024,791.8220215,1193.1427,1796.858398,3740.068848,1508.931763,4223.524902
30-07-2024,797.0020142,1189.94519,1802.668457,3749.679199,1502.032715,4208.341797
31-07-2024,797.100647,1195.307495,1794.121338,3779.748779,1494.364502,4227.622559
01-08-2024,808.4719238,1190.584717,1779.092529,3744.378662,1504.167114,4238.949707
02-08-2024,818.5112305,1177.253418,1748.938354,3631.828369,1488.309204,4129.000977
05-08-2024,797.100647,1153.689453,1682.388062,3495.400635,1436.691284,4005.605225
06-08-2024,789.9226074,1148.032227,1681.619873,3543.155273,1445.352417,4021.174561
07-08-2024,800.9239502,1153.541992,1720.560913,3604.63208,1454.062744,4049.372314
08-08-2024,810.395874,1145.818604,1673.985352,3520.7146,1438.478271,4022.475342
09-08-2024,814.0958862,1152.705566,1700.490112,3558.858887,1463.468262,4076.654541
12-08-2024,818.9797974,1163.819946,1726.082764,3538.94458,1449.893677,4044.745117
13-08-2024,790.9093018,1159.403931,1726.130615,3518.980957,1452.871704,4045.998535
14-08-2024,793.1785889,1152.755249,1750.906982,3512.44165,1451.109741,4140.762695
16-08-2024,805.1665649,1178.15918,1785.19043,3535.37793,1467.3396,4257.217773
19-08-2024,804.8952637,1166.896118,1790.808472,3522.200928,1482.479126,4328.507813
20-08-2024,807.9291992,1170.418945,1797.914673,3539.687744,1489.999023,4360.61084
21-08-2024,802.0585938,1165.854126,1798.394897,3562.822021,1492.713257,4387.796387
22-08-2024,804.7719727,1181.979736,1805.645386,3573.175293,1492.165405,4340.076172
23-08-2024,801.6885986,1194.28479,1788.215576,3565.298828,1494.008057,4303.34668
26-08-2024,809.0392456,1204.009766,1801.70813,3608.248291,1506.582886,4340.510254
27-08-2024,807.9539185,1216.959839,1824.707764,3668.486328,1494.481201,4335.400879
28-08-2024,807.6332397,1214.479004,1862.160278,3654.962646,1492.339844,4343.980469
29-08-2024,808.3485718,1212.543945,1856.63855,3649.414307,1514.874756,4349.524414
30-08-2024,807.5346069,1219.787964,1866.577759,3670.418457,1503.619751,4389.96582
02-09-2024,802.6258545,1220.532227,1886.552612,3649.067627,1510.218384,4358.441406
03-09-2024,807.7565308,1238.146362,1864.224976,3656.052246,1503.121704,4350.054688
04-09-2024,809.9519653,1226.883301,1846.170898,3617.066162,1508.525146,4318.145508
05-09-2024,811.7525024,1226.486328,1856.446411,3590.662109,1487.035889,4314.963867
06-09-2024,807.5592041,1198.89917,1826.388306,3541.71875,1458.997803,4296.45459
09-09-2024,812.2705688,1225.543579,1819.473999,3545.236084,1456.632324,4289.513184
10-09-2024,814.1699219,1227.82605,1836.423828,3562.920898,1455.71106,4345.716309
11-09-2024,810.987915,1226.883301,1834.358887,3504.268066,1445.725952,4318.241211
12-09-2024,822.1865234,1242.562378,1873.060059,3588.532227,1473.91333,4355.212402
13-09-2024,821.8658447,1240.776001,1866.961914,3579.615234,1466.766846,4359.935547
16-09-2024,824.3324585,1253.180298,1872.86792,3628.410156,1465.496948,4350.921875
17-09-2024,823.2718506,1258.390137,1875.07666,3661.055664,1466.443237,4343.595703
18-09-2024,836.0985107,1278.485107,1817.073242,3695.97998,1457.628296,4189.832031
19-09-2024,842.8571167,1282.107178,1819.041748,3649.662109,1463.828613,4141.630371
20-09-2024,858.9890137,1328.201416,1830.133667,3758.84375,1480.014038,4130.784668
23-09-2024,868.1650391,1311.778198,1821.202515,3752.700928,1487.434326,4114.975098
24-09-2024,872.2350464,1308.503418,1823.267212,3756.565186,1483.450195,4117.673828
25-09-2024,877.6863403,1313.713257,1820.098267,3758.794434,1488.006958,4120.999512
26-09-2024,879.8322754,1318.873535,1824.851685,3727.386963,1491.991089,4138.112305
27-09-2024,864.6377563,1296.595337,1831.093994,3671.40918,1520.103882,4153.729492
30-09-2024,854.4750977,1263.252686,1801.179932,3641.587402,1470.701172,4114.975098
01-10-2024,851.5890503,1264.641968,1828.789063,3619.741211,1458.997803,4133.677734
03-10-2024,829.7838135,1246.730103,1818.273682,3465.331055,1401.378052,4080.510498
04-10-2024,817.7712402,1230.257202,1842.041504,3461.665283,1381.009399,4099.30957
07-10-2024,798.1119385,1224.452026,1857.550781,3436.302002,1365.272217,4119.168945
08-10-2024,814.5151978,1227.131348,1871.235474,3499.76001,1391.79126,4100.273438
09-10-2024,805.6846313,1234.623535,1875.268677,3454.878662,1369.131836,4099.984375
10-10-2024,820.114502,1233.978516,1842.857788,3428.375977,1365.595947,4075.353027
11-10-2024,814.4906006,1213.635498,1858.31897,3450.37085,1366.641724,3999.965576
14-10-2024,832.7931519,1222.318481,1881.174683,3522.200928,1367.065063,3987.866943
15-10-2024,830.8198242,1245.886597,1881.558838,3519.079834,1338.678467,3968.730713
16-10-2024,838.5651855,1233.631226,1843.914185,3499.958252,1348.688477,3947.666992
17-10-2024,825.4178467,1221.822388,1890.009644,3537.310059,1351.029175,3961.211426
18-10-2024,829.7098389,1254.817749,1805.021118,3544.740723,1353.8927,3984.453125
21-10-2024,852.8223877,1249.409546,1779.23645,3552.468506,1363.753296,3942.705322
22-10-2024,845.8417969,1257.7948,1778.13208,3479.449463,1338.006104,3880.518555
23-10-2024,856.3251343,1242.016479,1799.067139,3423.471436,1333.200317,3929.5625
24-10-2024,863.1577148,1243.157715,1789.415894,3410.839355,1334.470337,3911.829346
25-10-2024,860.0744019,1245.837036,1788.167603,3295.663574,1322.567749,3921.154785
28-10-2024,855.5357056,1282.950684,1791.336548,3309.930664,1329.04187,3953.335693
29-10-2024,864.243042,1321.651978,1786.431763,3349.659912,1334.669434,3938.259766
30-10-2024,855.7330933,1302.102905,1750.300903,3376.856445,1338.553955,3947.343994
31-10-2024,856.2756958,1282.355225,1706.740112,3588.829346,1326.751099,3835.050049
01-11-2024,857.0651245,1281.908691,1710.236572,3592.842041,1333.324829,3850.270752
04-11-2024,845.619751,1267.42041,1712.956299,3541.421387,1296.970093,3830.894775
05-11-2024,867.2030029,1286.771118,1703.777832,3541.768311,1300.107544,3837.852539
06-11-2024,865.9204102,1292.37793,1771.280029,3611.765381,1320.077759,4000.494873
07-11-2024,861.628418,1268.908936,1751.223755,3612.855469,1300.456177,4011.366943
08-11-2024,865.5256958,1249.210938,1777.350342,3626.478271,1278.643188,4007.5979
11-11-2024,871.3717041,1259.581055,1806.633789,3595.319092,1267.637085,4057.560547
12-11-2024,847.642395,1260.870972,1815.083862,3558.165527,1269.18103,4056.303467
13-11-2024,829.4631348,1244.100342,1814.695313,3515.16626,1247.069336,4010.835449
14-11-2024,835.0871582,1247.325439,1810.956055,3493.666992,1262.557495,4006.534912
18-11-2024,841.1797485,1243.852295,1759.382202,3509.419922,1255.734741,3884.384033
19-11-2024,859.5070801,1239.535645,1772.300049,3473.504883,1236.710693,3903.760254
21-11-2024,858.9890137,1240.974609,1781.332642,3451.312012,1218.134888,3935.94043
22-11-2024,861.159729,1268.264038,1847.572266,3570.203125,1260.366211,4101.91748
25-11-2024,880.8929443,1290.988647,1835.382935,3718.321777,1281.880249,4170.047363
26-11-2024,880.8683472,1294.958008,1868.842896,3668.387451,1290.545654,4206.383789
27-11-2024,894.0649414,1290.740479,1869.182861,3664.523438,1288.055542,4186.910645
28-11-2024,884.6176147,1276.500366,1803.282959,3632.175293,1265.744751,4102.207031
29-11-2024,886.0483398,1290.145142,1804.448486,3690.382324,1287.05957,4127.285156
02-12-2024,890.3156128,1294.660278,1825.7677,3669.823975,1303.942261,4132.889648
03-12-2024,900.9715576,1298.381592,1837.714111,3752.057129,1318.035889,4158.112793
04-12-2024,917.6461792,1305.973022,1834.946045,3754.880615,1303.74292,4208.026367
05-12-2024,920.4335327,1326.266479,1879.235229,3796.145996,1316.790894,4313.990234
06-12-2024,915.5494995,1318.575806,1867.143188,3830.970947,1306.332642,4296.063965
09-12-2024,922.5301514,1312.175171,1868.3573,3910.826416,1289.997925,4302.490723
10-12-2024,921.5928345,1320.262695,1892.541504,3886.899414,1279.73877,4283.54834
11-12-2024,919.1261597,1317.335327,1917.40564,3880.558594,1273.115234,4278.620117
12-12-2024,917.2268677,1319.071899,1929.886353,3824.233887,1257.876221,4305.196777
13-12-2024,923.3934937,1334.602173,1942.221191,3851.083496,1267.786621,4323.509277
16-12-2024,920.1621704,1335.792847,1923.136108,3842.018066,1263.254761,4266.782715
17-12-2024,904.4002686,1323.537476,1919.785156,3772.020752,1240.346191,4182.996582
18-12-2024,893.2755737,1304.087646,1922.261963,3723.424072,1248.264526,4201.696777
19-12-2024,884.7902832,1277.046265,1890.258911,3682.010498,1225.555176,4128.299316
20-12-2024,873.9370117,1278.53479,1866.900391,3596.309814,1200.505371,4030.114502
23-12-2024,888.4902954,1286.870483,1868.988525,3606.861328,1217.437744,4018.517822
24-12-2024,887.0596313,1287.317017,1854.17688,3606.118164,1217.885864,4039.005615
26-12-2024,883.4336548,1287.416138,1852.574341,3595.962891,1211.710571,4028.955078
27-12-2024,887.133667,1297.538208,1861.655518,3574.760742,1216.192749,4024.848145
30-12-2024,877.0943604,1284.736938,1851.2146,3545.879883,1205.883789,4019.001465
31-12-2024,874.6030273,1271.836426,1825.961792,3574.314697,1210.614868,3957.152588
